GEN_ID,Chromosome,Global_Start,Exon_End,B1,B2,B3,B4,B5,B6,B7,B8,B9,B10,B11,B12
ENSG00000154646.9,21,18268517,,t,a,c,a,g,g,t,g,a,a,a,g
ENSG00000154646.9,21,18268517,,a,a,a,g,g,g,t,a,a,a,g,a
ENSG00000154646.9,21,18268517,,a,a,a,g,g,g,t,a,a,a,g,a
ENSG00000154639.19,21,17512444,,a,a,g,c,a,g,t,t,c,t,c,t
ENSG00000154639.19,21,17512444,,t,t,t,g,g,g,t,a,t,a,t,c
ENSG00000154639.19,21,17512444,,g,c,a,g,t,g,t,t,c,a,t,t
ENSG00000154639.19,21,17512444,,a,a,g,g,t,g,t,c,t,g,c,c
ENSG00000154639.19,21,17512444,,t,t,t,t,t,g,t,t,a,t,t,t
ENSG00000277282.1,21,10648801,,g,t,g,a,t,g,t,c,a,g,c,a
ENSG00000142207.7,21,32310419,,a,t,t,t,g,g,t,c,a,t,c,a
ENSG00000232263.1,21,30288546,,g,t,t,t,t,g,t,a,g,a,a,a
ENSG00000154721.15,21,25638659,,g,a,t,a,t,g,t,a,t,a,a,g
ENSG00000154721.15,21,25638659,,a,a,a,a,a,g,t,g,c,t,g,a
ENSG00000154721.15,21,25638659,,a,c,t,a,t,g,t,t,a,a,a,a
ENSG00000154721.15,21,25638659,,c,t,a,c,a,g,t,a,a,t,a,a
ENSG00000156282.5,21,30164966,,t,c,t,a,a,g,t,t,g,t,a,a
ENSG00000188694.6,21,30280710,,t,c,t,g,g,g,t,g,t,a,a,t
ENSG00000156304.15,21,31670401,,c,t,t,t,t,g,t,a,g,t,g,t
ENSG00000156304.15,21,31670401,,c,t,t,t,t,g,t,a,g,t,g,t
ENSG00000156304.15,21,31670401,,c,t,t,t,t,g,t,a,g,t,g,t
ENSG00000154654.15,21,20997810,,a,c,t,t,t,g,t,t,a,a,a,g
ENSG00000154654.15,21,20997810,,c,a,a,t,g,g,t,a,c,a,t,t
ENSG00000156284.6,21,30213407,,t,a,t,t,t,g,t,c,a,t,t,c
ENSG00000142149.9,21,31872421,,g,a,c,t,t,g,t,g,g,g,c,c
ENSG00000142149.9,21,31872421,,g,c,t,g,g,g,t,t,a,a,t,g
ENSG00000142149.9,21,31872421,,g,a,c,t,g,g,t,g,a,c,a,g
ENSG00000154642.11,21,17788375,,a,t,t,a,g,g,t,g,a,t,c,g
ENSG00000154642.11,21,17788375,,g,g,t,a,t,g,t,g,g,t,g,a
ENSG00000154642.11,21,17788375,,a,t,t,a,g,g,t,g,a,t,c,g
ENSG00000154642.11,21,17788375,,t,t,g,c,a,g,t,t,t,g,a,a
ENSG00000159256.13,21,36319590,,t,g,g,c,t,g,t,c,t,g,t,t
ENSG00000159256.13,21,36319590,,a,g,t,c,a,g,t,a,c,t,t,g
ENSG00000159256.13,21,36319590,,a,g,t,c,a,g,t,a,c,t,t,g
ENSG00000159256.13,21,36319590,,a,g,t,c,a,g,t,a,c,t,t,g
ENSG00000159256.13,21,36319590,,a,g,t,c,a,g,t,a,c,t,t,g
ENSG00000159086.15,21,32733300,,a,a,t,c,t,g,t,t,c,t,t,c
ENSG00000159086.15,21,32733300,,a,a,t,c,t,g,t,t,c,t,t,c
ENSG00000159086.15,21,32733300,,c,a,g,a,t,g,t,a,g,a,c,t
ENSG00000159086.15,21,32733300,,c,a,g,a,t,g,t,a,g,a,c,t
ENSG00000159086.15,21,32733300,,t,g,a,g,t,g,t,g,g,a,g,a
ENSG00000205929.11,21,32790074,,c,a,g,a,t,g,t,g,c,t,t,a
ENSG00000205929.11,21,32790074,,c,a,g,a,t,g,t,g,c,t,t,a
ENSG00000205929.11,21,32790074,,a,c,c,t,g,g,t,g,a,g,a,a
ENSG00000205929.11,21,32790074,,c,a,g,a,t,g,t,g,c,t,t,a
ENSG00000205726.15,21,33641801,,t,c,a,g,g,g,t,t,g,a,a,a
ENSG00000205726.15,21,33641801,,g,c,a,t,t,g,t,g,t,a,a,g
ENSG00000205726.15,21,33641801,,a,a,g,c,c,g,t,t,c,t,g,t
ENSG00000205726.15,21,33641801,,t,a,c,a,a,g,t,g,t,t,a,g
ENSG00000205726.15,21,33641801,,c,c,t,t,c,g,t,g,g,g,c,t
ENSG00000205726.15,21,33641801,,a,a,a,g,t,g,t,g,a,t,g,g
ENSG00000205726.15,21,33641801,,c,c,a,c,c,g,t,t,g,c,a,c
ENSG00000205726.15,21,33641801,,c,a,a,a,a,g,t,t,a,g,a,t
ENSG00000205726.15,21,33641801,,g,a,g,t,t,g,t,c,c,a,t,a
ENSG00000205726.15,21,33641801,,g,a,a,c,g,g,t,a,g,a,g,a
ENSG00000205726.15,21,33641801,,a,a,t,c,a,g,t,g,t,a,c,t
ENSG00000205726.15,21,33641801,,c,a,t,c,t,g,t,g,a,t,g,c
ENSG00000205726.15,21,33641801,,c,a,a,t,g,g,t,t,t,t,a,t
ENSG00000205726.15,21,33641801,,a,a,c,a,g,g,t,c,c,a,c,c
ENSG00000205726.15,21,33641801,,c,c,a,g,g,g,t,a,c,t,c,t
ENSG00000205726.15,21,33641801,,g,g,a,a,t,g,t,c,a,a,c,t
ENSG00000205726.15,21,33641801,,c,c,a,g,g,g,t,a,c,t,c,t
ENSG00000205726.15,21,33641801,,c,a,a,t,g,g,t,a,g,t,g,c
ENSG00000205726.15,21,33641801,,a,a,g,g,c,g,t,g,a,a,a,a
ENSG00000205726.15,21,33641801,,t,t,t,a,t,g,t,t,g,c,t,t
ENSG00000241837.7,21,33902854,,g,g,g,a,a,g,t,c,t,g,g,c
ENSG00000241837.7,21,33902854,,g,g,g,a,a,g,t,c,t,g,g,c
ENSG00000241837.7,21,33902854,,g,g,g,a,a,g,t,c,t,g,g,c
ENSG00000241837.7,21,33902854,,g,g,g,a,a,g,t,c,t,g,g,c
ENSG00000241837.7,21,33902854,,t,c,a,a,g,g,t,t,a,t,g,g
ENSG00000241837.7,21,33902854,,g,g,g,a,a,g,t,c,t,g,g,c
ENSG00000154645.14,21,17900664,,a,g,a,a,t,g,t,t,g,a,c,t
ENSG00000154645.14,21,17900664,,a,g,a,a,t,g,t,t,g,a,c,t
ENSG00000154645.14,21,17900664,,a,g,a,a,t,g,t,t,g,a,c,t
ENSG00000154645.14,21,17900664,,a,g,a,a,t,g,t,t,g,a,c,t
ENSG00000154645.14,21,17900664,,t,g,a,a,g,g,t,t,g,a,t,g
ENSG00000154645.14,21,17900664,,t,g,c,a,g,g,t,a,a,t,t,t
ENSG00000154645.14,21,17900664,,g,t,t,t,c,g,t,a,a,g,a,a
ENSG00000156273.16,21,29193472,,c,c,t,t,a,g,t,g,a,c,c,a
ENSG00000156273.16,21,29193472,,c,c,t,t,a,g,t,g,a,c,c,a
ENSG00000156273.16,21,29193472,,c,c,t,t,a,g,t,g,a,c,c,a
ENSG00000156273.16,21,29193472,,c,c,t,t,a,g,t,g,a,c,c,a
ENSG00000156273.16,21,29193472,,a,a,t,t,g,g,t,t,a,g,a,a
ENSG00000156273.16,21,29193472,,a,a,t,t,g,g,t,t,a,g,a,a
ENSG00000156273.16,21,29193472,,c,c,t,t,a,g,t,g,a,c,c,a
ENSG00000156273.16,21,29193472,,t,a,t,g,c,g,t,c,a,a,a,t
ENSG00000156273.16,21,29193472,,g,g,c,c,t,g,t,c,c,t,t,c
ENSG00000156273.16,21,29193472,,a,a,g,t,g,g,t,g,g,a,a,t
ENSG00000156273.16,21,29193472,,a,t,c,c,c,g,t,g,t,t,t,g
ENSG00000156273.16,21,29193472,,a,t,c,c,c,g,t,g,t,t,t,g
ENSG00000157557.13,21,38804584,,a,t,a,t,a,g,t,t,t,c,t,t
ENSG00000157557.13,21,38804584,,g,g,c,t,t,g,t,c,t,g,g,g
ENSG00000157557.13,21,38804584,,a,t,a,a,t,g,t,a,g,t,a,t
ENSG00000157557.13,21,38804584,,a,t,a,t,a,g,t,t,t,c,t,t
ENSG00000157557.13,21,38804584,,a,t,c,a,a,g,t,g,t,a,c,c
ENSG00000157557.13,21,38804584,,a,t,a,a,t,g,t,a,g,t,a,t
ENSG00000157557.13,21,38804584,,c,t,c,t,c,g,t,a,a,t,a,a
ENSG00000157557.13,21,38804584,,a,t,a,a,a,g,t,a,g,t,a,t
ENSG00000157557.13,21,38804584,,a,a,t,t,c,g,t,g,t,a,a,g
ENSG00000157551.19,21,38154950,,g,c,c,a,a,g,t,g,a,c,c,c
ENSG00000157551.19,21,38154950,,t,a,c,c,t,g,t,t,c,t,a,c
ENSG00000157551.19,21,38154950,,t,a,c,c,t,g,t,t,c,t,a,c
ENSG00000157551.19,21,38154950,,t,a,c,c,t,g,t,t,c,t,a,c
ENSG00000157551.19,21,38154950,,t,a,c,c,t,g,t,t,c,t,a,c
ENSG00000157551.19,21,38154950,,t,a,c,c,t,g,t,t,c,t,a,c
ENSG00000157551.19,21,38154950,,t,a,c,c,t,g,t,t,c,t,a,c
ENSG00000157551.19,21,38154950,,g,a,c,a,t,g,t,a,g,t,g,g
ENSG00000157551.19,21,38154950,,t,g,a,t,t,g,t,g,a,t,c,t
ENSG00000157551.19,21,38154950,,g,t,c,t,t,g,t,g,t,t,t,c
ENSG00000157551.19,21,38154950,,t,g,a,g,a,g,t,t,g,a,c,a
ENSG00000157551.19,21,38154950,,g,c,t,g,g,g,t,c,t,g,g,g
ENSG00000157551.19,21,38154950,,g,t,c,t,t,g,t,g,t,t,t,c
ENSG00000157551.19,21,38154950,,a,g,a,g,t,g,t,t,t,g,t,t
ENSG00000157551.19,21,38154950,,g,a,g,a,g,g,t,c,c,t,t,c
ENSG00000157551.19,21,38154950,,a,a,a,t,g,g,t,c,a,a,a,a
ENSG00000157551.19,21,38154950,,t,g,a,t,t,g,t,g,a,t,c,t
ENSG00000157551.19,21,38154950,,g,g,a,a,t,g,t,c,c,t,c,a
ENSG00000157551.19,21,38154950,,a,a,t,g,t,g,t,a,a,a,a,g
ENSG00000157551.19,21,38154950,,a,a,t,g,t,g,t,a,a,a,a,g
ENSG00000157551.19,21,38154950,,a,a,t,g,t,g,t,a,a,a,a,g
ENSG00000205758.12,21,33588742,,a,c,g,c,g,g,t,g,g,a,c,c
ENSG00000205758.12,21,33588742,,a,c,g,c,g,g,t,g,g,a,c,c
ENSG00000205758.12,21,33588742,,a,c,g,c,g,g,t,g,g,a,c,c
ENSG00000205758.12,21,33588742,,a,c,g,c,g,g,t,g,g,a,c,c
ENSG00000205758.12,21,33588742,,a,t,t,c,c,g,t,g,c,c,g,g
ENSG00000205758.12,21,33588742,,a,c,g,c,g,g,t,g,g,a,c,c
ENSG00000205758.12,21,33588742,,a,c,g,c,g,g,t,g,g,a,c,c
ENSG00000205758.12,21,33588742,,g,t,a,t,t,g,t,a,a,a,g,t
ENSG00000205758.12,21,33588742,,g,t,a,t,t,g,t,a,a,a,g,t
ENSG00000205758.12,21,33588742,,g,t,a,t,t,g,t,a,a,a,g,t
ENSG00000205758.12,21,33588742,,a,g,c,t,g,g,t,t,a,t,a,t
ENSG00000205758.12,21,33588742,,a,a,a,c,a,g,t,t,t,t,g,g
ENSG00000205758.12,21,33588742,,t,t,g,a,t,g,t,t,c,a,c,g
ENSG00000205758.12,21,33588742,,a,t,a,t,t,g,t,a,g,t,g,a
ENSG00000205758.12,21,33588742,,a,t,a,t,t,g,t,a,g,t,g,a
ENSG00000205758.12,21,33588742,,t,a,t,t,t,g,t,c,c,g,t,c
ENSG00000205758.12,21,33588742,,t,c,a,a,a,g,t,t,c,t,g,a
ENSG00000205758.12,21,33588742,,t,t,t,g,c,g,t,t,t,t,c,t
ENSG00000156239.12,21,28871592,,t,c,a,a,a,g,t,c,c,t,t,t
ENSG00000156239.12,21,28871592,,t,c,a,a,a,g,t,c,c,t,t,t
ENSG00000156239.12,21,28871592,,a,a,a,t,t,g,t,a,t,g,g,t
ENSG00000249209.2,21,33584088,,t,c,t,g,c,g,t,t,t,c,c,a
ENSG00000154736.6,21,26917323,,a,a,t,t,c,g,t,t,c,t,a,c
ENSG00000154736.6,21,26917323,,a,a,t,t,c,g,t,t,c,t,a,c
ENSG00000157617.17,21,41884513,,c,a,t,g,g,g,t,t,a,t,a,t
ENSG00000157617.17,21,41884513,,c,a,t,g,g,g,t,t,a,t,a,t
ENSG00000157617.17,21,41884513,,c,a,t,g,g,g,t,t,a,t,a,t
ENSG00000173276.14,21,41986232,,t,g,a,t,t,g,t,t,t,t,g,g
ENSG00000173276.14,21,41986232,,c,a,g,a,a,g,t,g,t,t,g,a
ENSG00000173276.14,21,41986232,,c,a,g,a,a,g,t,g,t,t,g,a
ENSG00000173276.14,21,41986232,,c,a,g,a,a,g,t,g,t,t,g,a
ENSG00000173276.14,21,41986232,,c,a,g,a,a,g,t,g,t,t,g,a
ENSG00000173276.14,21,41986232,,c,a,g,a,a,g,t,g,t,t,g,a
ENSG00000173276.14,21,41986232,,c,a,g,a,a,g,t,g,t,t,g,a
ENSG00000159228.13,21,36069342,,a,a,g,t,g,g,t,c,a,t,t,t
ENSG00000159228.13,21,36069342,,t,c,c,t,t,g,t,c,c,c,t,a
ENSG00000159228.13,21,36069342,,a,t,a,a,g,g,t,t,c,c,a,t
ENSG00000159228.13,21,36069342,,g,t,g,a,g,g,t,c,a,t,c,a
ENSG00000159231.6,21,36134480,,g,a,a,t,g,g,t,t,g,a,a,t
ENSG00000166979.13,21,32411407,,g,a,g,t,c,g,t,t,g,t,t,t
ENSG00000166979.13,21,32411407,,g,a,g,t,c,g,t,t,g,t,t,t
ENSG00000166979.13,21,32411407,,g,a,g,t,c,g,t,t,g,t,t,t
ENSG00000166979.13,21,32411407,,g,t,t,t,t,g,t,g,t,a,t,t
ENSG00000166979.13,21,32411407,,g,a,g,t,c,g,t,t,g,t,t,t
ENSG00000166979.13,21,32411407,,a,a,g,a,g,g,t,t,t,t,g,t
ENSG00000166979.13,21,32411407,,c,c,a,g,g,g,t,t,g,a,a,a
ENSG00000159079.19,21,32591480,,a,c,g,c,c,g,t,a,g,t,a,c
ENSG00000159079.19,21,32591480,,t,a,g,g,c,g,t,t,g,a,t,t
ENSG00000159079.19,21,32591480,,t,a,g,g,c,g,t,t,g,a,t,t
ENSG00000159079.19,21,32591480,,g,a,a,c,c,g,t,g,g,a,g,g
ENSG00000159079.19,21,32591480,,a,g,c,a,g,g,t,g,c,a,g,c
ENSG00000159079.19,21,32591480,,t,a,g,g,c,g,t,t,g,a,t,t
ENSG00000159079.19,21,32591480,,g,a,a,c,c,g,t,g,g,a,g,g
ENSG00000265590.10,21,32401912,,t,t,c,c,c,g,t,g,c,t,c,a
ENSG00000265590.10,21,32401912,,g,a,t,t,c,g,t,t,t,g,a,t
ENSG00000265590.10,21,32401912,,g,t,t,c,a,g,t,g,c,a,g,c
ENSG00000265590.10,21,32401912,,a,a,g,a,a,g,t,a,a,a,c,c
ENSG00000265590.10,21,32401912,,c,a,c,g,g,g,t,t,t,g,a,c
ENSG00000265590.10,21,32401912,,c,a,c,g,g,g,t,t,t,g,a,c
ENSG00000265590.10,21,32401912,,c,a,c,g,g,g,t,t,t,g,a,c
ENSG00000265590.10,21,32401912,,g,g,a,t,c,g,t,t,t,g,a,g
ENSG00000265590.10,21,32401912,,g,c,a,a,g,g,t,g,g,t,g,c
ENSG00000265590.10,21,32401912,,g,c,a,a,g,g,t,g,g,t,g,c
ENSG00000265590.10,21,32401912,,t,c,c,a,c,g,t,c,c,c,t,g
ENSG00000265590.10,21,32401912,,t,c,c,a,c,g,t,c,c,c,t,g
ENSG00000265590.10,21,32401912,,g,c,a,a,g,g,t,g,g,t,g,c
ENSG00000265590.10,21,32401912,,t,c,c,a,c,g,t,c,c,c,t,g
ENSG00000265590.10,21,32401912,,g,t,t,t,g,g,t,a,c,t,t,g
ENSG00000265590.10,21,32401912,,g,c,t,g,g,g,t,t,g,c,a,g
ENSG00000265590.10,21,32401912,,g,c,t,g,g,g,t,t,g,c,a,g
ENSG00000265590.10,21,32401912,,g,c,c,t,t,g,t,c,t,a,c,t
ENSG00000265590.10,21,32401912,,g,c,c,t,t,g,t,c,t,a,c,t
ENSG00000265590.10,21,32401912,,t,t,g,a,a,g,t,c,a,a,g,a
ENSG00000242220.9,21,32497368,,c,a,t,t,c,g,t,c,t,a,c,c
ENSG00000242220.9,21,32497368,,a,t,t,a,t,g,t,c,t,c,c,c
ENSG00000242220.9,21,32497368,,a,t,t,a,t,g,t,c,t,c,c,c
ENSG00000242220.9,21,32497368,,a,t,t,a,t,g,t,c,t,c,c,c
ENSG00000242220.9,21,32497368,,a,t,t,a,t,g,t,c,t,c,c,c
ENSG00000242220.9,21,32497368,,a,t,t,a,t,g,t,c,t,c,c,c
ENSG00000242220.9,21,32497368,,a,g,t,g,c,g,t,t,t,a,g,a
ENSG00000154640.15,21,17593054,,c,c,c,g,c,g,t,g,g,g,a,c
ENSG00000154640.15,21,17593054,,c,c,c,g,c,g,t,g,g,g,a,c
ENSG00000154640.15,21,17593054,,c,a,t,a,g,g,t,t,t,t,g,t
ENSG00000184900.16,21,44805018,,g,c,a,t,c,g,t,g,t,c,c,c
ENSG00000184900.16,21,44805018,,g,c,a,t,c,g,t,g,t,c,c,c
ENSG00000184900.16,21,44805018,,g,g,a,a,t,g,t,a,c,c,a,g
ENSG00000184900.16,21,44805018,,g,c,a,t,c,g,t,g,t,c,c,c
ENSG00000154719.14,21,25585057,,a,c,c,c,g,g,t,g,g,c,g,g
ENSG00000154719.14,21,25585057,,a,c,c,c,g,g,t,g,g,c,g,g
ENSG00000154719.14,21,25585057,,t,a,t,g,t,g,t,g,c,c,a,g
ENSG00000155307.19,21,14484629,,c,t,t,t,c,g,t,a,a,t,t,g
ENSG00000155307.19,21,14484629,,c,t,t,t,c,g,t,a,a,t,t,g
ENSG00000155307.19,21,14484629,,c,t,t,t,c,g,t,a,a,t,t,g
ENSG00000155307.19,21,14484629,,c,t,t,t,c,g,t,a,a,t,t,g
ENSG00000155307.19,21,14484629,,c,t,t,t,c,g,t,a,a,t,t,g
ENSG00000159263.16,21,36698516,,t,t,a,c,a,g,t,t,g,a,c,a
ENSG00000159263.16,21,36698516,,g,a,c,c,a,g,t,c,c,c,a,g
ENSG00000159263.16,21,36698516,,a,t,c,c,g,g,t,t,c,a,c,t
ENSG00000183145.9,21,37005551,,g,a,a,a,g,g,t,t,g,t,t,t
ENSG00000160208.13,21,43658961,,c,c,t,c,c,g,t,t,t,t,g,t
ENSG00000160209.19,21,43718495,,g,a,c,c,a,g,t,g,c,t,c,a
ENSG00000160209.19,21,43718495,,g,t,g,t,t,g,t,g,g,c,a,t
ENSG00000160209.19,21,43718495,,t,g,g,c,g,g,t,c,g,t,g,t
ENSG00000160209.19,21,43718495,,g,a,c,c,a,g,t,g,c,t,c,a
ENSG00000160209.19,21,43718495,,g,g,a,g,a,g,t,a,g,a,g,c
ENSG00000160209.19,21,43718495,,g,t,g,t,t,g,t,g,g,c,a,t
ENSG00000160214.13,21,43788914,,t,g,a,a,g,g,t,c,t,c,c,t
ENSG00000160214.13,21,43788914,,a,a,a,a,a,g,t,g,a,c,a,a
ENSG00000160216.21,21,43864624,,a,c,c,a,a,g,t,g,a,t,a,t
ENSG00000160216.21,21,43864624,,g,a,c,c,a,g,t,c,c,a,c,g
ENSG00000160216.21,21,43864624,,c,c,a,t,g,g,t,t,g,t,t,t
ENSG00000160216.21,21,43864624,,c,c,a,t,g,g,t,t,g,t,t,t
ENSG00000160216.21,21,43864624,,g,c,t,c,t,g,t,g,t,g,c,c
ENSG00000160216.21,21,43864624,,c,a,a,t,g,g,t,g,a,a,a,t
ENSG00000160216.21,21,43864624,,c,c,a,t,g,g,t,t,g,t,t,t
ENSG00000160216.21,21,43864624,,g,c,g,t,g,g,t,g,t,g,a,g
ENSG00000160216.21,21,43864624,,g,c,g,c,t,g,t,g,g,c,c,g
ENSG00000160216.21,21,43864624,,g,c,g,t,g,g,t,g,t,g,a,g
ENSG00000160216.21,21,43864624,,t,t,a,g,a,g,t,a,a,a,t,t
ENSG00000160218.13,21,44011710,,g,a,a,g,a,g,t,c,t,a,t,t
ENSG00000160218.13,21,44011710,,t,t,t,c,t,g,t,t,a,t,t,t
ENSG00000160218.13,21,44011710,,c,t,c,c,a,g,t,g,c,g,a,t
ENSG00000241945.8,21,44106774,,c,a,c,g,c,g,t,c,c,c,g,a
ENSG00000241945.8,21,44106774,,t,g,t,t,g,g,t,t,c,c,t,g
ENSG00000157540.22,21,37364974,,t,a,a,c,a,g,t,t,c,c,c,a
ENSG00000157540.22,21,37364974,,c,t,c,g,t,g,t,c,t,a,c,a
ENSG00000157540.22,21,37364974,,a,g,c,t,a,g,t,c,a,t,c,t
ENSG00000157540.22,21,37364974,,t,a,a,t,t,g,t,t,c,c,t,c
ENSG00000157540.22,21,37364974,,c,t,c,c,c,g,t,a,t,t,t,t
ENSG00000157540.22,21,37364974,,a,a,c,a,g,g,t,c,a,t,t,t
ENSG00000157540.22,21,37364974,,t,t,g,t,c,g,t,c,c,c,c,a
ENSG00000157540.22,21,37364974,,g,a,c,a,c,g,t,a,c,a,g,g
ENSG00000157540.22,21,37364974,,t,g,t,g,g,g,t,c,a,a,g,a
ENSG00000157540.22,21,37364974,,c,a,t,g,a,g,t,g,t,g,t,t
ENSG00000157540.22,21,37364974,,a,g,c,t,a,g,t,c,a,t,c,t
ENSG00000157540.22,21,37364974,,c,c,a,a,c,g,t,g,t,t,t,c
ENSG00000157540.22,21,37364974,,g,c,g,a,c,g,t,g,c,t,g,g
ENSG00000157540.22,21,37364974,,c,c,t,t,t,g,t,a,a,t,g,a
ENSG00000157540.22,21,37364974,,g,c,g,a,c,g,t,g,c,t,g,g
ENSG00000157540.22,21,37364974,,c,t,c,a,g,g,t,t,t,c,g,g
ENSG00000157540.22,21,37364974,,g,c,a,c,t,g,t,a,g,c,t,c
ENSG00000141956.14,21,41797626,,c,c,c,c,g,g,t,c,c,g,c,a
ENSG00000141956.14,21,41797626,,c,c,t,a,g,g,t,g,t,c,g,t
ENSG00000141956.14,21,41797626,,c,c,t,a,g,g,t,g,t,c,g,t
ENSG00000141956.14,21,41797626,,c,c,t,a,g,g,t,g,t,c,g,t
ENSG00000141956.14,21,41797626,,c,c,t,a,g,g,t,g,t,c,g,t
ENSG00000141956.14,21,41797626,,c,c,t,a,g,g,t,g,t,c,g,t
ENSG00000141956.14,21,41797626,,g,t,t,g,t,g,t,g,t,c,a,g
ENSG00000160199.15,21,42973911,,t,c,a,t,a,g,t,a,t,a,a,a
ENSG00000160199.15,21,42973911,,t,c,a,t,a,g,t,a,t,a,a,a
ENSG00000160199.15,21,42973911,,a,t,t,c,t,g,t,a,a,a,g,g
ENSG00000160200.18,21,43052592,,g,a,g,g,a,g,t,g,c,g,g,g
ENSG00000160200.18,21,43052592,,g,a,g,g,a,g,t,g,c,g,g,g
ENSG00000160200.18,21,43052592,,g,c,g,c,c,g,t,g,g,c,t,c
ENSG00000160200.18,21,43052592,,g,a,g,g,a,g,t,g,c,g,g,g
ENSG00000160200.18,21,43052592,,g,a,g,g,a,g,t,g,c,g,g,g
ENSG00000160200.18,21,43052592,,c,a,a,g,g,g,t,t,t,c,c,a
ENSG00000160200.18,21,43052592,,t,g,t,g,c,g,t,a,g,a,g,a
ENSG00000160200.18,21,43052592,,g,c,c,c,g,g,t,c,t,g,g,c
ENSG00000160201.12,21,43092357,,a,g,c,c,g,g,t,g,c,c,t,c
ENSG00000160201.12,21,43092357,,a,g,c,c,g,g,t,g,c,c,t,c
ENSG00000160201.12,21,43092357,,a,g,c,c,g,g,t,g,c,c,t,c
ENSG00000160201.12,21,43092357,,a,g,c,c,g,g,t,g,c,c,t,c
ENSG00000160201.12,21,43092357,,a,g,c,c,g,g,t,g,c,c,t,c
ENSG00000185917.14,21,36033942,,a,a,a,c,t,g,t,a,t,g,g,t
ENSG00000185917.14,21,36033942,,a,a,a,c,t,g,t,a,t,g,g,t
ENSG00000185917.14,21,36033942,,t,g,g,g,a,g,t,t,g,c,g,t
ENSG00000185917.14,21,36033942,,g,a,g,c,g,g,t,c,a,g,g,c
ENSG00000185917.14,21,36033942,,g,a,g,c,g,g,t,c,a,g,g,c
ENSG00000185917.14,21,36033942,,g,a,g,c,g,g,t,c,a,g,g,c
ENSG00000185917.14,21,36033942,,g,a,g,c,g,g,t,c,a,g,g,c
ENSG00000185917.14,21,36033942,,t,g,t,a,c,g,t,t,g,t,g,t
ENSG00000185917.14,21,36033942,,t,g,t,a,c,g,t,t,g,t,g,t
ENSG00000185917.14,21,36033942,,t,g,t,a,c,g,t,t,g,t,g,t
ENSG00000185917.14,21,36033942,,t,t,t,t,t,g,t,t,t,g,a,c
ENSG00000185917.14,21,36033942,,c,c,a,g,t,g,t,c,c,c,g,g
ENSG00000173638.19,21,45492973,,c,t,c,a,c,g,t,c,t,g,t,c
ENSG00000173638.19,21,45492973,,c,t,a,a,a,g,t,a,c,t,t,c
ENSG00000173638.19,21,45492973,,g,g,t,g,g,g,t,g,a,g,a,g
ENSG00000173638.19,21,45492973,,a,t,t,t,g,g,t,a,t,t,t,a
ENSG00000173638.19,21,45492973,,a,t,t,t,g,g,t,a,t,t,t,a
ENSG00000173638.19,21,45492973,,g,g,t,g,g,g,t,g,a,g,a,g
ENSG00000173638.19,21,45492973,,c,c,a,g,c,g,t,c,c,t,t,g
ENSG00000173638.19,21,45492973,,c,c,a,g,c,g,t,c,c,t,t,g
ENSG00000173638.19,21,45492973,,g,c,a,a,a,g,t,a,a,t,c,c
ENSG00000182871.16,21,45404566,,a,c,a,c,t,g,t,c,t,c,t,t
ENSG00000182871.16,21,45404566,,a,c,a,c,t,g,t,c,t,c,t,t
ENSG00000182871.16,21,45404566,,t,a,c,a,c,g,t,a,c,t,c,t
ENSG00000182871.16,21,45404566,,a,c,a,c,t,g,t,c,t,c,t,t
ENSG00000182871.16,21,45404566,,g,t,g,g,c,g,t,a,c,g,g,a
ENSG00000183844.17,21,41303613,,c,t,g,g,g,g,t,c,c,t,c,c
ENSG00000183844.17,21,41303613,,t,c,t,t,a,g,t,g,g,g,a,a
ENSG00000183844.17,21,41303613,,t,c,t,t,a,g,t,g,g,g,a,a
ENSG00000183844.17,21,41303613,,t,c,t,t,a,g,t,g,g,g,a,a
ENSG00000154734.16,21,26835156,,g,g,a,g,c,g,t,g,t,g,g,t
ENSG00000154734.16,21,26835156,,g,g,a,g,c,g,t,g,t,g,g,t
ENSG00000154734.16,21,26835156,,g,g,a,g,c,g,t,g,t,g,g,t
ENSG00000154734.16,21,26835156,,g,g,a,g,c,g,t,g,t,g,g,t
ENSG00000154734.16,21,26835156,,g,g,a,g,c,g,t,g,t,g,g,t
ENSG00000154734.16,21,26835156,,g,g,a,g,c,g,t,g,t,g,g,t
ENSG00000154734.16,21,26835156,,g,g,a,g,c,g,t,g,t,g,g,t
ENSG00000159055.4,21,32267629,,g,c,g,a,g,g,t,a,g,g,a,g
ENSG00000170262.13,21,32291214,,a,g,g,a,a,g,t,g,c,t,g,t
ENSG00000170262.13,21,32291214,,a,g,g,a,a,g,t,g,c,t,g,t
ENSG00000170262.13,21,32291214,,t,g,t,c,a,g,t,g,a,a,c,t
ENSG00000160193.12,21,42842495,,g,g,a,a,c,g,t,g,g,a,g,a
ENSG00000160193.12,21,42842495,,c,a,t,t,g,g,t,c,a,g,g,c
ENSG00000160194.18,21,42879045,,c,c,t,a,c,g,t,t,a,t,g,c
ENSG00000160194.18,21,42879045,,a,a,a,t,g,g,t,t,a,c,t,a
ENSG00000154727.11,21,25733971,,t,a,c,a,g,g,t,t,g,t,t,t
ENSG00000154727.11,21,25733971,,t,a,c,a,g,g,t,t,g,t,t,t
ENSG00000159212.13,21,34668395,,a,a,t,g,g,g,t,c,c,a,a,t
ENSG00000159212.13,21,34668395,,g,a,a,c,c,g,t,t,t,t,c,t
ENSG00000274391.5,21,10520954,,c,a,a,g,c,g,t,c,c,t,t,t
ENSG00000274391.5,21,10520954,,t,a,t,t,t,g,t,c,a,t,t,t
ENSG00000274391.5,21,10520954,,g,a,t,a,a,g,t,t,g,t,c,a
ENSG00000274391.5,21,10520954,,g,a,t,a,a,g,t,t,g,t,c,a
ENSG00000274391.5,21,10520954,,g,a,t,a,a,g,t,t,g,t,c,a
ENSG00000159082.18,21,32628160,,g,g,c,c,c,g,t,a,a,a,c,a
ENSG00000159082.18,21,32628160,,g,g,c,c,c,g,t,a,a,a,c,a
ENSG00000159082.18,21,32628160,,g,g,c,c,c,g,t,a,a,a,c,a
ENSG00000159082.18,21,32628160,,g,g,c,c,c,g,t,a,a,a,c,a
ENSG00000159082.18,21,32628160,,g,g,c,c,c,g,t,a,a,a,c,a
ENSG00000159082.18,21,32628160,,g,g,c,c,c,g,t,a,a,a,c,a
ENSG00000159082.18,21,32628160,,g,a,t,c,c,g,t,c,t,g,c,c
ENSG00000159082.18,21,32628160,,g,g,c,a,g,g,t,c,a,a,a,c
ENSG00000159082.18,21,32628160,,g,g,c,c,c,g,t,a,a,a,c,a
ENSG00000159082.18,21,32628160,,g,g,c,c,c,g,t,a,a,a,c,a
ENSG00000159082.18,21,32628160,,g,g,c,c,c,g,t,a,a,a,c,a
ENSG00000159082.18,21,32628160,,g,g,c,c,c,g,t,a,a,a,c,a
ENSG00000185272.14,21,14215531,,t,a,a,t,g,g,t,g,a,g,a,g
ENSG00000155304.6,21,14370516,,c,c,t,t,c,g,t,t,a,t,a,t
ENSG00000183527.12,21,39174170,,t,c,t,a,c,g,t,t,t,t,t,c
ENSG00000183527.12,21,39174170,,t,c,t,a,c,g,t,t,t,t,t,c
ENSG00000183527.12,21,39174170,,t,c,t,a,c,g,t,t,t,t,t,c
ENSG00000183527.12,21,39174170,,t,c,t,a,c,g,t,t,t,t,t,c
ENSG00000185658.14,21,39183577,,t,a,t,c,t,g,t,t,t,t,t,t
ENSG00000185658.14,21,39183577,,t,g,t,t,t,g,t,a,g,t,a,g
ENSG00000185658.14,21,39183577,,t,a,t,c,t,g,t,t,t,t,t,t
ENSG00000185658.14,21,39183577,,c,t,c,t,g,g,t,c,t,c,c,a
ENSG00000185658.14,21,39183577,,t,t,g,g,t,g,t,t,t,t,c,c
ENSG00000185658.14,21,39183577,,g,g,a,g,t,g,t,a,g,t,g,g
ENSG00000185658.14,21,39183577,,g,g,a,g,t,g,t,a,g,t,g,g
ENSG00000185658.14,21,39183577,,g,g,a,g,t,g,t,a,g,t,g,g
ENSG00000185658.14,21,39183577,,g,g,a,g,t,g,t,a,g,t,g,g
ENSG00000185658.14,21,39183577,,g,g,a,g,t,g,t,a,g,t,g,g
ENSG00000185658.14,21,39183577,,c,c,t,g,g,g,t,g,a,a,t,a
ENSG00000205581.11,21,39341716,,g,g,c,g,a,g,t,g,g,c,c,c
ENSG00000205581.11,21,39341716,,g,g,c,g,a,g,t,g,g,c,c,c
ENSG00000205581.11,21,39341716,,g,g,c,g,a,g,t,g,g,c,c,c
ENSG00000205581.11,21,39341716,,g,g,c,g,a,g,t,g,g,c,c,c
ENSG00000205581.11,21,39341716,,g,g,c,g,a,g,t,g,g,c,c,c
ENSG00000205581.11,21,39341716,,g,g,c,g,a,g,t,g,g,c,c,c
ENSG00000205581.11,21,39341716,,g,g,c,g,a,g,t,g,g,c,c,c
ENSG00000205581.11,21,39341716,,g,g,c,g,a,g,t,g,g,c,c,c
ENSG00000205581.11,21,39341716,,g,g,c,g,a,g,t,g,g,c,c,c
ENSG00000182093.16,21,39377099,,a,a,a,t,c,g,t,t,a,t,t,a
ENSG00000182093.16,21,39377099,,t,t,c,t,c,g,t,t,a,g,t,t
ENSG00000182093.16,21,39377099,,t,g,t,t,c,g,t,t,a,a,a,a
ENSG00000182093.16,21,39377099,,c,t,c,a,c,g,t,g,t,t,t,c
ENSG00000182093.16,21,39377099,,t,t,a,a,t,g,t,a,g,g,a,g
ENSG00000182093.16,21,39377099,,t,t,a,g,a,g,t,a,g,c,c,a
ENSG00000182093.16,21,39377099,,t,a,a,a,a,g,t,a,g,a,a,t
ENSG00000182093.16,21,39377099,,c,a,a,g,a,g,t,t,g,t,a,t
ENSG00000182093.16,21,39377099,,a,t,t,t,t,g,t,a,c,a,c,c
ENSG00000182093.16,21,39377099,,t,c,t,c,a,g,t,a,g,t,t,t
ENSG00000182093.16,21,39377099,,g,a,g,t,t,g,t,c,c,a,g,a
ENSG00000182093.16,21,39377099,,g,t,a,g,c,g,t,g,t,a,a,g
ENSG00000182093.16,21,39377099,,c,t,c,a,c,g,t,g,t,t,t,c
ENSG00000182093.16,21,39377099,,t,a,t,t,t,g,t,g,t,c,a,t
ENSG00000182093.16,21,39377099,,a,a,c,a,a,g,t,t,a,a,t,a
ENSG00000182093.16,21,39377099,,a,a,c,c,t,g,t,t,a,a,a,a
ENSG00000285815.1,21,39379733,,a,a,a,a,a,g,t,t,c,t,t,g
ENSG00000285815.1,21,39379733,,t,t,t,t,t,g,t,t,c,t,g,c
ENSG00000183036.11,21,39866839,,g,a,g,t,g,g,t,t,t,c,a,a
ENSG00000183036.11,21,39866839,,a,a,t,t,c,g,t,g,t,g,a,c
ENSG00000171587.15,21,40010400,,a,t,g,a,t,g,t,t,g,a,t,a
ENSG00000171587.15,21,40010400,,a,t,g,a,t,g,t,t,g,a,t,a
ENSG00000171587.15,21,40010400,,a,g,t,a,t,g,t,a,t,t,t,a
ENSG00000182240.16,21,41167202,,t,a,t,t,c,g,t,t,t,t,c,a
ENSG00000182240.16,21,41167202,,g,a,a,t,a,g,t,t,a,a,t,a
ENSG00000182240.16,21,41167202,,c,t,c,c,c,g,t,c,c,t,g,t
ENSG00000183421.12,21,41738770,,g,g,a,g,g,g,t,c,a,g,c,c
ENSG00000183421.12,21,41738770,,g,g,a,g,g,g,t,c,a,g,c,c
ENSG00000160181.9,21,42345758,,c,a,a,c,c,g,t,a,a,a,t,t
ENSG00000160182.3,21,42361683,,t,t,t,t,g,g,t,c,a,c,c,t
ENSG00000160183.17,21,42371288,,t,g,g,a,c,g,t,c,t,g,c,a
ENSG00000160183.17,21,42371288,,t,g,g,a,c,g,t,c,t,g,c,a
ENSG00000160183.17,21,42371288,,t,g,g,a,c,g,t,c,t,g,c,a
ENSG00000160183.17,21,42371288,,t,g,g,a,c,g,t,c,t,g,c,a
ENSG00000160183.17,21,42371288,,a,g,c,g,g,g,t,g,t,c,a,t
ENSG00000160185.15,21,42402848,,c,g,t,c,a,g,t,c,g,g,g,a
ENSG00000160185.15,21,42402848,,a,a,a,c,c,g,t,g,t,g,c,a
ENSG00000160185.15,21,42402848,,c,g,g,a,a,g,t,a,t,c,t,c
ENSG00000160185.15,21,42402848,,c,a,a,c,t,g,t,g,a,g,c,c
ENSG00000160185.15,21,42402848,,g,t,c,a,a,g,t,c,t,g,g,g
ENSG00000160185.15,21,42402848,,c,c,a,c,g,g,t,a,g,c,a,t
ENSG00000160185.15,21,42402848,,a,a,a,c,c,g,t,g,t,g,c,a
ENSG00000160185.15,21,42402848,,a,c,a,c,g,g,t,g,g,a,t,c
ENSG00000160188.10,21,42471887,,a,t,t,t,c,g,t,a,g,c,g,g
ENSG00000160188.10,21,42471887,,a,t,t,t,c,g,t,a,g,c,g,g
ENSG00000160190.14,21,42495409,,a,t,c,a,g,g,t,g,t,g,a,g
ENSG00000160190.14,21,42495409,,a,c,a,c,t,g,t,g,a,g,a,a
ENSG00000160190.14,21,42495409,,t,a,a,a,a,g,t,t,c,t,c,a
ENSG00000160190.14,21,42495409,,a,t,c,a,g,g,t,g,t,g,a,g
ENSG00000160191.18,21,42653022,,a,c,g,g,a,g,t,t,g,g,g,t
ENSG00000160191.18,21,42653022,,a,c,g,g,a,g,t,t,g,g,g,t
ENSG00000160191.18,21,42653022,,a,c,g,g,a,g,t,t,g,g,g,t
ENSG00000160191.18,21,42653022,,a,c,g,g,a,g,t,t,g,g,g,t
ENSG00000160191.18,21,42653022,,a,c,g,g,a,g,t,t,g,g,g,t
ENSG00000160191.18,21,42653022,,a,c,g,g,a,g,t,t,g,g,g,t
ENSG00000160191.18,21,42653022,,a,c,g,g,a,g,t,t,g,g,g,t
ENSG00000160191.18,21,42653022,,a,c,g,g,a,g,t,t,g,g,g,t
ENSG00000160191.18,21,42653022,,a,c,g,g,a,g,t,t,g,g,g,t
ENSG00000160191.18,21,42653022,,a,c,g,g,a,g,t,t,g,g,g,t
ENSG00000160191.18,21,42653022,,a,c,g,g,a,g,t,t,g,g,g,t
ENSG00000160191.18,21,42653022,,a,c,g,g,a,g,t,t,g,g,g,t
ENSG00000160191.18,21,42653022,,a,c,g,g,a,g,t,t,g,g,g,t
ENSG00000142178.9,21,43413884,,t,t,a,t,g,g,t,t,c,g,a,a
ENSG00000142178.9,21,43413884,,c,t,c,c,c,g,t,g,t,c,a,g
ENSG00000160207.9,21,43528587,,g,c,a,g,g,g,t,g,g,g,c,t
ENSG00000160207.9,21,43528587,,g,t,c,t,c,g,t,t,g,t,g,c
ENSG00000234289.6,21,43564583,,g,c,t,c,c,g,t,g,g,g,a,a
ENSG00000142182.9,21,44245740,,a,a,a,c,c,g,t,c,a,c,t,g
ENSG00000142182.9,21,44245740,,c,c,g,g,c,g,t,t,g,a,a,g
ENSG00000142182.9,21,44245740,,g,c,c,t,c,g,t,a,g,g,t,t
ENSG00000160224.17,21,44285239,,a,t,g,g,t,g,t,t,t,a,t,a
ENSG00000141959.17,21,44299452,,g,a,g,a,g,g,t,c,a,g,c,c
ENSG00000141959.17,21,44299452,,c,c,g,g,a,g,t,g,c,a,c,a
ENSG00000141959.17,21,44299452,,g,c,t,g,t,g,t,c,c,c,t,g
ENSG00000160226.16,21,44328345,,c,t,t,g,a,g,t,t,c,t,t,a
ENSG00000160226.16,21,44328345,,c,t,t,g,a,g,t,t,c,t,t,a
ENSG00000160226.16,21,44328345,,c,t,t,g,a,g,t,t,c,t,t,a
ENSG00000160233.8,21,44454911,,t,c,a,g,t,g,t,g,c,a,a,g
ENSG00000175894.18,21,44497294,,g,a,g,t,t,g,t,c,a,g,g,a
ENSG00000175894.18,21,44497294,,g,a,g,t,t,g,t,c,a,g,g,a
ENSG00000215455.4,21,44538382,,c,a,c,c,t,g,t,t,t,c,t,c
ENSG00000205445.3,21,44549758,,g,g,c,c,c,g,t,g,c,t,g,a
ENSG00000212935.2,21,44557191,,t,g,c,c,c,g,t,t,c,a,g,a
ENSG00000241123.1,21,44578856,,c,g,c,c,t,g,t,t,t,c,t,c
ENSG00000188155.11,21,44590669,,t,g,t,c,t,g,t,g,g,g,a,c
ENSG00000272804.3,21,44599998,,a,a,a,a,g,g,t,c,a,a,c,t
ENSG00000187766.1,21,44611480,,c,t,g,t,c,g,t,g,g,g,t,t
ENSG00000221859.2,21,44636757,,a,c,a,c,c,g,t,c,c,t,c,t
ENSG00000243489.4,21,44645815,,c,a,g,g,a,g,t,t,a,c,g,g
ENSG00000212933.1,21,44653614,,g,a,a,c,t,g,t,t,g,c,c,a
ENSG00000205439.10,21,44657333,,c,c,c,c,a,g,t,t,t,g,c,a
ENSG00000221864.4,21,44665590,,c,c,a,t,g,g,t,g,c,t,c,t
ENSG00000187175.5,21,44680977,,c,a,t,g,c,g,t,c,t,c,t,g
ENSG00000184787.19,21,44767981,,a,t,t,t,c,g,t,a,a,g,g,c
ENSG00000184787.19,21,44767981,,a,t,t,t,c,g,t,a,a,g,g,c
ENSG00000184787.19,21,44767981,,a,t,t,t,c,g,t,a,a,g,g,c
ENSG00000184787.19,21,44767981,,c,c,c,a,t,g,t,t,g,t,g,t
ENSG00000183255.12,21,44848986,,t,c,a,c,c,g,t,g,t,c,c,t
ENSG00000183255.12,21,44848986,,t,c,a,c,c,g,t,g,t,c,c,t
ENSG00000183255.12,21,44848986,,t,c,a,c,c,g,t,g,t,c,c,t
ENSG00000183255.12,21,44848986,,t,c,a,c,c,g,t,g,t,c,c,t
ENSG00000186866.17,21,45263329,,c,c,t,c,c,g,t,c,t,t,t,a
ENSG00000186866.17,21,45263329,,t,g,a,t,t,g,t,t,g,g,g,t
ENSG00000186866.17,21,45263329,,t,g,a,t,t,g,t,t,g,g,g,t
ENSG00000186866.17,21,45263329,,t,g,a,t,t,g,t,t,g,g,g,t
ENSG00000186866.17,21,45263329,,t,g,a,t,t,g,t,t,g,g,g,t
ENSG00000186866.17,21,45263329,,c,c,t,c,c,g,t,c,t,t,t,a
ENSG00000183570.17,21,45643095,,c,t,c,c,t,g,t,c,c,g,g,c
ENSG00000183570.17,21,45643095,,g,c,c,c,c,g,t,c,t,c,a,c
ENSG00000183570.17,21,45643095,,c,t,c,c,t,g,t,c,c,g,g,c
ENSG00000183570.17,21,45643095,,c,t,c,c,t,g,t,c,c,g,g,c
ENSG00000183570.17,21,45643095,,c,t,c,c,t,g,t,c,c,g,g,c
ENSG00000183570.17,21,45643095,,g,c,t,g,t,g,t,t,c,c,t,a
ENSG00000183570.17,21,45643095,,a,a,g,g,t,g,t,c,a,g,a,a
ENSG00000183570.17,21,45643095,,c,t,c,c,t,g,t,c,c,g,g,c
ENSG00000183570.17,21,45643095,,g,c,t,g,t,g,t,t,c,c,t,a
ENSG00000184012.14,21,41463701,,c,t,g,c,c,g,t,g,t,t,c,c
ENSG00000184012.14,21,41463701,,c,t,g,a,c,g,t,c,c,c,a,g
ENSG00000184012.14,21,41463701,,c,t,g,c,c,g,t,g,t,t,c,c
ENSG00000184012.14,21,41463701,,c,t,g,c,c,g,t,g,t,t,c,c
ENSG00000184012.14,21,41463701,,c,t,g,c,c,g,t,g,t,t,c,c
ENSG00000184012.14,21,41463701,,c,t,g,c,c,g,t,g,t,t,c,c
ENSG00000184012.14,21,41463701,,c,t,g,c,c,g,t,g,t,t,c,c
ENSG00000184012.14,21,41463701,,c,t,g,c,c,g,t,g,t,t,c,c
ENSG00000184012.14,21,41463701,,c,t,g,c,c,g,t,g,t,t,c,c
ENSG00000184012.14,21,41463701,,c,t,g,a,c,g,t,c,c,c,a,g
ENSG00000184012.14,21,41463701,,c,t,g,c,c,g,t,g,t,t,c,c
ENSG00000184012.14,21,41463701,,c,t,g,c,c,g,t,g,t,t,c,c
ENSG00000184012.14,21,41463701,,c,t,g,c,c,g,t,g,t,t,c,c
ENSG00000184012.14,21,41463701,,c,t,g,c,c,g,t,g,t,t,c,c
ENSG00000184012.14,21,41463701,,c,t,g,c,c,g,t,g,t,t,c,c
ENSG00000184012.14,21,41463701,,c,c,t,g,a,g,t,a,t,c,c,t
ENSG00000157601.15,21,41419421,,t,a,c,t,a,g,t,a,a,t,a,c
ENSG00000157601.15,21,41419421,,t,a,c,t,a,g,t,a,a,t,a,c
ENSG00000157601.15,21,41419421,,t,a,c,t,a,g,t,a,a,t,a,c
ENSG00000157601.15,21,41419421,,t,a,c,t,a,g,t,a,a,t,a,c
ENSG00000157601.15,21,41419421,,t,a,c,t,a,g,t,a,a,t,a,c
ENSG00000157601.15,21,41419421,,t,a,c,t,a,g,t,a,a,t,a,c
ENSG00000157601.15,21,41419421,,t,a,c,t,a,g,t,a,a,t,a,c
ENSG00000157601.15,21,41419421,,t,a,c,t,a,g,t,a,a,t,a,c
ENSG00000157601.15,21,41419421,,t,a,c,t,a,g,t,a,a,t,a,c
ENSG00000157601.15,21,41419421,,g,c,a,g,a,g,t,c,t,g,c,t
ENSG00000157601.15,21,41419421,,t,a,c,t,a,g,t,a,a,t,a,c
ENSG00000157601.15,21,41419421,,c,g,g,t,t,g,t,c,c,a,c,a
ENSG00000157601.15,21,41419421,,t,a,c,t,a,g,t,a,a,t,a,c
ENSG00000157601.15,21,41419421,,a,g,c,a,g,g,t,a,c,t,g,c
ENSG00000157601.15,21,41419421,,t,a,c,t,a,g,t,a,a,t,a,c
ENSG00000157601.15,21,41419421,,t,a,c,t,a,g,t,a,a,t,a,c
ENSG00000157601.15,21,41419421,,a,t,a,a,a,g,t,c,a,t,t,t
ENSG00000157601.15,21,41419421,,t,a,c,t,a,g,t,a,a,t,a,c
ENSG00000157601.15,21,41419421,,c,g,g,t,t,g,t,c,c,a,c,a
ENSG00000157601.15,21,41419421,,a,t,a,a,a,g,t,c,a,t,t,t
ENSG00000157601.15,21,41419421,,a,t,a,a,a,g,t,c,a,t,t,t
ENSG00000157601.15,21,41419421,,a,t,a,a,a,g,t,c,a,t,t,t
ENSG00000157601.15,21,41419421,,t,t,g,a,g,g,t,g,g,a,t,a
ENSG00000157601.15,21,41419421,,t,a,g,c,a,g,t,c,a,c,t,g
ENSG00000157601.15,21,41419421,,t,a,c,t,a,g,t,a,a,t,a,c
ENSG00000157601.15,21,41419421,,t,a,c,t,a,g,t,a,a,t,a,c
ENSG00000157601.15,21,41419421,,t,a,c,t,a,g,t,a,a,t,a,c
ENSG00000157601.15,21,41419421,,t,a,c,t,a,g,t,a,a,t,a,c
ENSG00000157601.15,21,41419421,,t,a,c,t,a,g,t,a,a,t,a,c
ENSG00000157601.15,21,41419421,,t,a,c,t,a,g,t,a,a,t,a,c
ENSG00000157601.15,21,41419421,,t,a,c,t,a,g,t,a,a,t,a,c
ENSG00000157601.15,21,41419421,,a,t,a,a,a,g,t,c,a,t,t,t
ENSG00000157601.15,21,41419421,,t,a,c,t,a,g,t,a,a,t,a,c
ENSG00000157601.15,21,41419421,,t,a,c,t,a,g,t,a,a,t,a,c
ENSG00000157601.15,21,41419421,,t,a,c,t,a,g,t,a,a,t,a,c
ENSG00000157601.15,21,41419421,,t,a,c,t,a,g,t,a,a,t,a,c
ENSG00000157601.15,21,41419421,,a,g,c,a,g,g,t,a,c,t,g,c
ENSG00000183486.14,21,41361400,,a,g,c,t,c,g,t,g,c,a,a,g
ENSG00000183486.14,21,41361400,,t,t,c,t,t,g,t,t,g,t,t,t
ENSG00000183486.14,21,41361400,,g,a,a,t,a,g,t,t,a,t,c,a
ENSG00000183486.14,21,41361400,,c,a,c,c,a,g,t,a,g,g,c,g
ENSG00000183486.14,21,41361400,,a,g,a,a,g,g,t,a,a,t,t,t
ENSG00000183486.14,21,41361400,,t,t,c,t,t,g,t,t,g,t,t,t
ENSG00000183486.14,21,41361400,,c,c,c,a,t,g,t,a,t,a,a,t
ENSG00000157578.14,21,39405129,,a,t,c,c,c,g,t,c,t,t,g,g
ENSG00000157578.14,21,39405129,,a,t,c,c,c,g,t,c,t,t,g,g
ENSG00000157578.14,21,39405129,,a,t,c,c,c,g,t,c,t,t,g,g
ENSG00000157578.14,21,39405129,,a,t,a,g,g,g,t,a,a,c,t,t
ENSG00000157578.14,21,39405129,,a,t,a,g,g,g,t,a,a,c,t,t
ENSG00000157578.14,21,39405129,,a,c,t,c,a,g,t,c,a,t,a,a
ENSG00000157578.14,21,39405129,,a,c,t,c,a,g,t,c,a,t,a,a
ENSG00000157578.14,21,39405129,,a,c,t,c,a,g,t,c,a,t,a,a
ENSG00000157578.14,21,39405129,,a,c,t,c,a,g,t,c,a,t,a,a
ENSG00000157578.14,21,39405129,,a,c,t,c,a,g,t,c,a,t,a,a
ENSG00000157578.14,21,39405129,,a,c,t,c,a,g,t,c,a,t,a,a
ENSG00000157578.14,21,39405129,,a,c,t,c,a,g,t,c,a,t,a,a
ENSG00000157578.14,21,39405129,,a,c,t,c,a,g,t,c,a,t,a,a
ENSG00000154723.13,21,25715904,,c,c,g,c,g,g,t,g,g,c,c,c
ENSG00000154723.13,21,25715904,,t,c,a,t,a,g,t,t,a,a,a,a
ENSG00000154723.13,21,25715904,,t,c,a,t,a,g,t,t,a,a,a,a
ENSG00000154723.13,21,25715904,,t,c,a,t,a,g,t,t,a,a,a,a
ENSG00000154723.13,21,25715904,,t,c,a,t,a,g,t,t,a,a,a,a
ENSG00000154723.13,21,25715904,,t,c,a,t,a,g,t,t,a,a,a,a
ENSG00000154723.13,21,25715904,,t,c,a,t,a,g,t,t,a,a,a,a
ENSG00000160284.15,21,46160549,,t,c,c,t,c,g,t,c,c,a,g,g
ENSG00000160284.15,21,46160549,,t,c,c,t,c,g,t,c,c,a,g,g
ENSG00000160285.15,21,46187542,,a,c,a,a,a,g,t,g,t,g,t,t
ENSG00000160285.15,21,46187542,,a,g,g,c,a,g,t,g,a,g,t,g
ENSG00000160285.15,21,46187542,,a,c,a,a,a,g,t,g,t,g,t,t
ENSG00000160285.15,21,46187542,,a,g,g,c,a,g,t,g,a,g,t,g
ENSG00000160285.15,21,46187542,,a,g,g,c,a,g,t,g,a,g,t,g
ENSG00000160285.15,21,46187542,,g,a,t,t,a,g,t,g,t,g,a,t
ENSG00000160282.15,21,46135561,,t,g,a,g,g,g,t,t,g,g,c,t
ENSG00000160282.15,21,46135561,,t,g,a,g,g,g,t,t,g,g,c,t
ENSG00000160282.15,21,46135561,,t,g,a,g,g,g,t,t,g,g,c,t
ENSG00000160282.15,21,46135561,,t,g,a,g,g,g,t,t,g,g,c,t
ENSG00000160282.15,21,46135561,,t,c,g,g,g,g,t,t,g,g,g,g
ENSG00000160282.15,21,46135561,,c,c,c,t,c,g,t,t,g,a,c,c
ENSG00000160282.15,21,46135561,,c,c,c,t,c,g,t,t,g,a,c,c
ENSG00000159267.17,21,36748027,,t,a,g,c,t,g,t,g,t,t,g,g
ENSG00000159267.17,21,36748027,,t,a,g,c,t,g,t,g,t,t,g,g
ENSG00000159267.17,21,36748027,,t,a,g,c,t,g,t,g,t,t,g,g
ENSG00000159267.17,21,36748027,,t,a,g,c,t,g,t,g,t,t,g,g
ENSG00000159267.17,21,36748027,,t,a,g,c,t,g,t,g,t,t,g,g
ENSG00000159267.17,21,36748027,,t,a,g,c,t,g,t,g,t,t,g,g
ENSG00000159267.17,21,36748027,,t,t,a,t,t,g,t,t,a,t,t,c
ENSG00000159267.17,21,36748027,,t,t,a,t,t,g,t,t,a,t,t,c
ENSG00000180509.13,21,34446089,,a,t,t,c,t,g,t,c,a,a,c,a
ENSG00000180509.13,21,34446089,,a,t,t,c,t,g,t,c,a,a,c,a
ENSG00000180509.13,21,34446089,,a,t,t,c,t,g,t,c,a,a,c,a
ENSG00000180509.13,21,34446089,,a,t,t,c,t,g,t,c,a,a,c,a
ENSG00000180509.13,21,34446089,,a,t,t,c,t,g,t,c,a,a,c,a
ENSG00000180509.13,21,34446089,,a,t,t,c,t,g,t,c,a,a,c,a
ENSG00000180509.13,21,34446089,,a,t,t,c,t,g,t,c,a,a,c,a
ENSG00000180509.13,21,34446089,,a,t,t,c,t,g,t,c,a,a,c,a
ENSG00000142156.16,21,45981171,,a,c,t,c,c,g,t,t,c,c,c,t
ENSG00000142156.16,21,45981171,,c,a,a,a,c,g,t,c,t,c,c,t
ENSG00000142156.16,21,45981171,,c,a,a,a,c,g,t,c,t,c,c,t
ENSG00000205927.5,21,33025336,,t,c,t,g,c,g,t,g,c,g,c,g
ENSG00000205927.5,21,33025336,,a,a,t,a,a,g,t,t,t,t,a,a
ENSG00000205927.5,21,33025336,,a,a,g,t,a,g,t,g,t,c,g,g
ENSG00000184221.13,21,33069542,,a,g,t,c,t,g,t,t,t,t,t,t
ENSG00000184221.13,21,33069542,,a,g,t,c,t,g,t,t,t,t,t,t
ENSG00000160180.17,21,42311068,,g,g,c,t,t,g,t,a,t,c,t,g
ENSG00000160180.17,21,42311068,,g,g,c,t,t,g,t,a,t,c,t,g
ENSG00000166351.11,21,13609178,,c,g,t,c,t,g,t,a,a,g,a,a
ENSG00000166351.11,21,13609178,,c,t,c,a,g,g,t,a,c,t,c,a
ENSG00000177398.19,21,42062360,,a,t,a,g,c,g,t,a,c,a,c,c
ENSG00000177398.19,21,42062360,,g,a,g,c,c,g,t,a,t,g,a,c
ENSG00000177398.19,21,42062360,,t,a,g,c,t,g,t,c,a,c,c,t
ENSG00000177398.19,21,42062360,,a,t,a,g,c,g,t,a,c,a,c,c
ENSG00000177398.19,21,42062360,,g,t,g,t,t,g,t,a,g,a,t,t
ENSG00000177398.19,21,42062360,,g,t,g,t,t,g,t,a,g,a,t,t
ENSG00000177398.19,21,42062360,,g,t,g,t,t,g,t,a,g,a,t,t
ENSG00000177398.19,21,42062360,,g,t,g,t,t,g,t,a,g,a,t,t
ENSG00000177398.19,21,42062360,,g,t,g,t,t,g,t,a,g,a,t,t
ENSG00000177398.19,21,42062360,,g,t,g,t,t,g,t,a,g,a,t,t
ENSG00000288711.1,21,34510523,,a,g,g,g,c,g,t,a,c,a,c,t
ENSG00000288711.1,21,34510523,,a,g,g,g,c,g,t,a,c,a,c,t
ENSG00000155313.16,21,15729383,,c,t,a,c,c,g,t,t,g,t,g,t
ENSG00000155313.16,21,15729383,,c,t,a,c,c,g,t,t,g,t,g,t
ENSG00000155313.16,21,15729383,,a,c,a,t,t,g,t,a,c,c,a,c
ENSG00000155313.16,21,15729383,,g,c,c,c,c,g,t,g,t,t,g,g
ENSG00000155313.16,21,15729383,,a,g,a,g,a,g,t,g,t,t,t,g
ENSG00000155313.16,21,15729383,,t,a,c,c,a,g,t,g,t,g,g,t
ENSG00000183640.6,21,30812098,,g,c,t,g,g,g,t,t,a,a,t,a
ENSG00000274749.1,21,30828440,,g,c,a,t,a,g,t,t,a,t,t,t
ENSG00000182591.6,21,30880045,,t,t,g,c,a,g,t,t,g,t,a,t
ENSG00000206102.2,21,31037560,,t,t,g,c,g,g,t,g,c,c,a,c
ENSG00000142168.15,21,31659067,,a,a,c,t,a,g,t,t,t,a,g,c
ENSG00000142168.15,21,31659067,,a,a,c,t,a,g,t,t,t,a,g,c
ENSG00000142197.13,21,36156183,,g,c,g,g,c,g,t,c,t,g,t,a
ENSG00000142197.13,21,36156183,,c,c,t,t,t,g,t,c,a,c,a,a
ENSG00000142197.13,21,36156183,,a,c,t,t,g,g,t,a,g,g,c,t
ENSG00000142197.13,21,36156183,,c,c,t,t,t,g,t,c,a,c,a,a
ENSG00000233056.4,21,42916204,,a,g,g,c,c,g,t,g,c,c,c,c
ENSG00000188992.12,21,14108214,,t,g,t,t,a,g,t,t,t,a,t,t
ENSG00000188992.12,21,14108214,,t,g,t,t,a,g,t,t,t,a,t,t
ENSG00000188992.12,21,14108214,,t,g,t,t,a,g,t,t,t,a,t,t
ENSG00000188992.12,21,14108214,,t,g,t,t,a,g,t,t,t,a,t,t
ENSG00000188992.12,21,14108214,,t,g,t,t,a,g,t,t,t,a,t,t
ENSG00000188992.12,21,14108214,,t,g,t,t,a,g,t,t,t,a,t,t
ENSG00000188992.12,21,14108214,,t,g,t,t,a,g,t,t,t,a,t,t
ENSG00000221837.7,21,44626494,,g,g,c,c,c,g,t,g,c,t,g,a
ENSG00000157554.20,21,38379428,,g,t,a,t,t,g,t,g,g,g,a,t
ENSG00000157554.20,21,38379428,,g,t,a,t,t,g,t,g,g,g,a,t
ENSG00000157554.20,21,38379428,,g,t,a,t,t,g,t,g,g,g,a,t
ENSG00000157554.20,21,38379428,,g,t,a,t,t,g,t,g,g,g,a,t
ENSG00000157554.20,21,38379428,,g,t,a,t,t,g,t,g,g,g,a,t
ENSG00000157554.20,21,38379428,,g,t,a,t,t,g,t,g,g,g,a,t
ENSG00000157554.20,21,38379428,,g,t,a,t,t,g,t,g,g,g,a,t
ENSG00000157554.20,21,38379428,,g,t,a,t,t,g,t,g,g,g,a,t
ENSG00000157554.20,21,38379428,,g,t,a,t,t,g,t,g,g,g,a,t
ENSG00000157554.20,21,38379428,,g,t,a,t,t,g,t,g,g,g,a,t
ENSG00000215454.7,21,44573130,,g,c,g,c,t,g,t,c,a,c,c,c
ENSG00000142185.18,21,44349564,,c,a,g,g,t,g,t,c,c,c,c,c
ENSG00000142185.18,21,44349564,,a,c,g,t,c,g,t,a,g,t,c,t
ENSG00000142185.18,21,44349564,,c,t,c,a,g,g,t,c,t,g,g,c
ENSG00000142185.18,21,44349564,,a,g,g,a,t,g,t,a,c,t,c,c
ENSG00000142185.18,21,44349564,,c,a,g,g,t,g,t,c,c,c,c,c
ENSG00000183067.6,21,39744584,,a,a,a,t,g,g,t,t,a,t,t,g
ENSG00000183778.19,21,39555843,,a,a,a,c,a,g,t,t,g,t,g,t
ENSG00000183778.19,21,39555843,,t,t,t,t,g,g,t,a,g,a,g,g
ENSG00000183778.19,21,39555843,,a,a,a,c,a,g,t,t,g,t,g,t
ENSG00000183778.19,21,39555843,,t,g,t,c,t,g,t,g,g,g,g,a
ENSG00000183778.19,21,39555843,,t,g,t,c,t,g,t,g,g,g,g,a
ENSG00000183778.19,21,39555843,,t,g,t,c,t,g,t,g,g,g,g,a
ENSG00000183778.19,21,39555843,,t,g,t,c,t,g,t,g,g,g,g,a
ENSG00000183778.19,21,39555843,,t,g,t,c,t,g,t,g,g,g,g,a
ENSG00000183778.19,21,39555843,,a,c,t,c,t,g,t,c,t,t,g,a
ENSG00000160294.11,21,46234534,,a,g,g,c,c,g,t,c,c,t,g,g
ENSG00000160294.11,21,46234534,,a,g,g,c,c,g,t,c,c,t,g,g
ENSG00000160294.11,21,46234534,,g,t,c,g,a,g,t,c,a,g,a,a
ENSG00000182362.14,21,46285743,,t,c,c,t,t,g,t,c,g,t,t,g
ENSG00000182362.14,21,46285743,,g,a,a,c,g,g,t,c,g,a,g,g
ENSG00000182362.14,21,46285743,,t,c,c,t,t,g,t,c,g,t,t,g
ENSG00000182362.14,21,46285743,,t,c,c,t,t,g,t,c,g,t,t,g
ENSG00000182362.14,21,46285743,,t,c,c,t,t,g,t,c,g,t,t,g
ENSG00000182362.14,21,46285743,,t,c,c,t,t,g,t,c,g,t,t,g
ENSG00000160298.18,21,46299582,,t,g,t,g,t,g,t,a,c,c,a,g
ENSG00000160298.18,21,46299582,,g,t,g,g,a,g,t,c,c,a,c,g
ENSG00000160298.18,21,46299582,,g,g,g,g,g,g,t,a,c,t,g,a
ENSG00000160298.18,21,46299582,,a,a,a,a,a,g,t,g,c,t,g,c
ENSG00000160298.18,21,46299582,,t,a,g,a,g,g,t,g,t,t,c,t
ENSG00000160298.18,21,46299582,,a,a,a,a,a,g,t,g,c,t,g,c
ENSG00000160298.18,21,46299582,,a,a,a,a,a,g,t,g,c,t,g,c
ENSG00000160298.18,21,46299582,,a,a,g,a,a,g,t,t,c,a,t,t
ENSG00000159131.17,21,33503332,,c,t,g,c,t,g,t,a,t,g,t,t
ENSG00000159131.17,21,33503332,,c,t,g,c,t,g,t,a,t,g,t,t
ENSG00000159131.17,21,33503332,,c,t,g,c,t,g,t,a,t,g,t,t
ENSG00000159131.17,21,33503332,,c,t,g,c,t,g,t,a,t,g,t,t
ENSG00000159131.17,21,33503332,,a,t,g,t,g,g,t,c,c,a,g,g
ENSG00000159131.17,21,33503332,,t,t,g,c,g,g,t,a,t,g,a,t
ENSG00000159131.17,21,33503332,,c,g,g,t,a,g,t,a,t,c,a,t
ENSG00000159131.17,21,33503332,,c,g,g,t,a,g,t,a,t,c,a,t
ENSG00000159131.17,21,33503332,,t,c,a,a,g,g,t,t,a,c,a,g
ENSG00000159131.17,21,33503332,,t,c,a,a,g,g,t,t,a,c,a,g
ENSG00000159147.18,21,33558943,,c,c,g,c,c,g,t,c,c,c,g,c
ENSG00000159147.18,21,33558943,,c,a,a,a,c,g,t,c,t,t,a,a
ENSG00000159147.18,21,33558943,,a,a,t,g,g,g,t,g,t,c,c,a
ENSG00000159147.18,21,33558943,,a,a,t,g,g,g,t,g,t,c,c,a
ENSG00000159147.18,21,33558943,,a,a,t,g,g,g,t,g,t,c,c,a
ENSG00000159147.18,21,33558943,,a,a,t,g,g,g,t,g,t,c,c,a
ENSG00000159147.18,21,33558943,,a,a,t,g,g,g,t,g,t,c,c,a
ENSG00000159147.18,21,33558943,,a,a,t,g,g,g,t,g,t,c,c,a
ENSG00000159147.18,21,33558943,,a,a,t,g,g,g,t,g,t,c,c,a
ENSG00000159147.18,21,33558943,,a,a,t,g,g,g,t,g,t,c,c,a
ENSG00000159147.18,21,33558943,,a,a,a,a,g,g,t,c,t,c,a,t
ENSG00000142188.17,21,33431886,,c,g,g,a,g,g,t,c,c,c,g,c
ENSG00000142188.17,21,33431886,,c,g,a,a,c,g,t,c,t,g,a,g
ENSG00000142188.17,21,33431886,,c,g,a,a,c,g,t,c,t,g,a,g
ENSG00000142188.17,21,33431886,,c,g,a,a,c,g,t,c,t,g,a,g
ENSG00000142188.17,21,33431886,,g,t,t,c,t,g,t,t,g,c,c,t
ENSG00000243646.11,21,33265768,,c,a,c,t,a,g,t,t,g,t,g,t
ENSG00000243646.11,21,33265768,,t,g,t,c,g,g,t,t,g,a,g,a
ENSG00000243646.11,21,33265768,,c,a,c,a,t,g,t,t,t,t,g,t
ENSG00000243646.11,21,33265768,,a,a,c,g,t,g,t,t,t,g,t,t
ENSG00000243646.11,21,33265768,,g,g,c,c,c,g,t,a,a,g,c,t
ENSG00000159128.16,21,33402814,,t,t,t,t,a,g,t,g,t,c,t,a
ENSG00000159128.16,21,33402814,,t,t,g,g,a,g,t,a,c,t,t,a
ENSG00000159128.16,21,33402814,,a,a,g,t,c,g,t,t,g,t,g,a
ENSG00000159128.16,21,33402814,,a,g,a,a,g,g,t,g,t,t,c,t
ENSG00000159128.16,21,33402814,,g,t,a,t,a,g,t,g,c,a,t,g
ENSG00000159128.16,21,33402814,,t,g,g,a,a,g,t,a,a,a,a,g
ENSG00000159128.16,21,33402814,,a,a,a,c,a,g,t,g,g,c,t,c
ENSG00000157538.14,21,37222821,,c,a,t,a,a,g,t,a,a,a,c,a
ENSG00000157538.14,21,37222821,,c,a,t,a,a,g,t,a,a,a,c,a
ENSG00000157538.14,21,37222821,,c,a,t,a,a,g,t,a,a,a,c,a
ENSG00000157538.14,21,37222821,,c,a,t,a,a,g,t,a,a,a,c,a
ENSG00000182670.14,21,37072627,,a,a,c,t,t,g,t,a,g,t,c,a
ENSG00000182670.14,21,37072627,,a,t,g,a,g,g,t,g,t,t,c,a
ENSG00000182670.14,21,37072627,,g,g,a,a,g,g,t,g,a,a,a,a
ENSG00000182670.14,21,37072627,,g,g,a,a,g,g,t,g,a,a,a,a
ENSG00000182670.14,21,37072627,,c,t,g,t,c,g,t,a,a,t,a,a
ENSG00000182670.14,21,37072627,,a,a,c,t,g,g,t,a,g,a,a,t
ENSG00000182670.14,21,37072627,,a,c,t,g,t,g,t,g,a,a,t,a
ENSG00000182670.14,21,37072627,,g,a,c,a,a,g,t,g,t,a,t,t
ENSG00000182670.14,21,37072627,,t,t,t,g,t,g,t,a,a,c,a,a
ENSG00000182670.14,21,37072627,,g,a,a,g,g,g,t,a,a,g,t,g
ENSG00000182670.14,21,37072627,,a,a,g,g,a,g,t,a,a,a,a,g
ENSG00000182670.14,21,37072627,,a,a,c,t,g,g,t,a,g,a,a,t
ENSG00000182670.14,21,37072627,,a,a,g,t,t,g,t,c,t,g,t,c
ENSG00000182670.14,21,37072627,,a,a,g,t,t,g,t,c,t,g,t,c
ENSG00000182670.14,21,37072627,,a,a,g,t,t,g,t,c,t,g,t,c
ENSG00000182670.14,21,37072627,,a,g,c,t,t,g,t,g,t,a,t,g
ENSG00000182670.14,21,37072627,,c,g,a,a,g,g,t,t,g,a,c,a
ENSG00000160255.19,21,44885354,,a,c,c,g,g,g,t,c,g,c,g,t
ENSG00000160255.19,21,44885354,,a,c,c,g,g,g,t,c,g,c,g,t
ENSG00000160255.19,21,44885354,,a,c,c,g,g,g,t,c,g,c,g,t
ENSG00000160255.19,21,44885354,,a,c,c,g,g,g,t,c,g,c,g,t
ENSG00000160255.19,21,44885354,,a,c,c,g,g,g,t,c,g,c,g,t
ENSG00000160255.19,21,44885354,,a,c,c,g,g,g,t,c,g,c,g,t
ENSG00000160255.19,21,44885354,,a,c,c,g,g,g,t,c,g,c,g,t
ENSG00000160255.19,21,44885354,,a,c,c,g,g,g,t,c,g,c,g,t
ENSG00000160255.19,21,44885354,,t,c,t,c,a,g,t,t,g,a,a,c
ENSG00000160255.19,21,44885354,,g,a,c,c,t,g,t,t,c,c,c,c
ENSG00000160255.19,21,44885354,,g,a,c,c,t,g,t,t,c,c,c,c
ENSG00000160255.19,21,44885354,,g,a,c,c,t,g,t,t,c,c,c,c
ENSG00000160255.19,21,44885354,,g,a,c,c,t,g,t,t,c,c,c,c
ENSG00000160255.19,21,44885354,,g,a,c,c,t,g,t,t,c,c,c,c
ENSG00000160255.19,21,44885354,,g,a,g,c,t,g,t,a,t,g,g,g
ENSG00000160255.19,21,44885354,,g,a,g,c,t,g,t,a,t,g,g,g
ENSG00000160255.19,21,44885354,,a,t,t,c,a,g,t,t,a,t,c,a
ENSG00000160255.19,21,44885354,,c,t,c,c,c,g,t,c,c,a,g,c
ENSG00000197683.5,21,30318525,,t,t,a,a,g,g,t,t,c,t,g,g
ENSG00000206107.2,21,30336414,,t,t,c,t,c,g,t,t,t,g,g,a
ENSG00000182816.9,21,30370791,,a,t,t,c,c,g,t,t,a,t,g,t
ENSG00000198390.5,21,30395432,,a,t,t,a,a,g,t,g,t,a,g,a
ENSG00000186970.5,21,30439676,,a,t,c,t,a,g,t,t,c,a,g,t
ENSG00000184351.8,21,30479107,,g,t,a,t,a,g,t,t,a,t,t,t
ENSG00000186965.5,21,30486444,,g,c,t,a,t,g,t,g,a,c,c,c
ENSG00000244025.5,21,30490863,,a,a,c,a,c,g,t,t,a,t,g,g
ENSG00000186967.7,21,30496225,,t,c,c,a,a,g,t,t,g,a,a,a
ENSG00000186977.3,21,30501058,,t,g,t,t,c,g,t,t,t,t,a,g
ENSG00000186925.6,21,30540936,,a,a,g,g,a,g,t,t,a,g,c,c
ENSG00000244362.3,21,30560276,,a,c,t,c,t,g,t,g,a,a,a,g
ENSG00000206106.2,21,30589506,,c,a,t,t,g,g,t,t,t,a,g,t
ENSG00000212938.3,21,30591841,,t,t,t,a,a,g,t,c,a,c,a,a
ENSG00000186924.3,21,30600488,,a,a,g,t,c,g,t,a,a,t,t,t
ENSG00000244624.3,21,30615826,,t,g,a,t,c,g,t,g,t,g,t,c
ENSG00000206105.2,21,30620028,,c,t,c,c,t,g,t,a,g,c,t,t
ENSG00000184032.3,21,30634607,,a,g,c,c,t,g,t,t,c,t,a,g
ENSG00000206104.2,21,30642265,,c,a,c,t,t,g,t,t,t,t,a,a
ENSG00000231068.1,21,30717926,,c,a,a,t,c,g,t,g,a,t,a,g
ENSG00000187026.3,21,30746195,,g,g,a,t,g,g,t,g,a,c,t,g
ENSG00000187005.5,21,30754416,,c,g,a,c,c,g,t,t,a,g,c,c
ENSG00000186980.7,21,30347800,,c,c,a,g,a,g,t,t,c,c,t,g
ENSG00000240432.4,21,30424781,,g,g,t,g,a,g,t,g,g,t,a,a
ENSG00000156299.15,21,31117817,,a,c,c,c,g,g,t,t,t,c,c,a
ENSG00000156299.15,21,31117817,,c,t,g,t,c,g,t,c,c,c,c,t
ENSG00000156299.15,21,31117817,,a,c,c,c,g,g,t,t,t,c,c,a
ENSG00000156299.15,21,31117817,,a,c,c,c,g,g,t,t,t,c,c,a
ENSG00000156299.15,21,31117817,,a,c,c,c,g,g,t,t,t,c,c,a
ENSG00000156299.15,21,31117817,,a,c,c,c,g,g,t,t,t,c,c,a
ENSG00000185437.16,21,39445256,,a,a,a,a,a,g,t,t,c,t,t,g
ENSG00000185437.16,21,39445256,,a,a,t,a,c,g,t,t,g,a,a,a
ENSG00000185437.16,21,39445256,,t,g,c,a,t,g,t,c,t,t,c,a
ENSG00000185437.16,21,39445256,,g,g,g,t,g,g,t,g,a,a,g,g
ENSG00000185437.16,21,39445256,,c,c,t,g,g,g,t,a,g,a,t,g
ENSG00000185437.16,21,39445256,,a,g,a,a,a,g,t,t,a,t,c,t
ENSG00000185437.16,21,39445256,,a,a,a,a,a,g,t,t,c,t,t,g
ENSG00000185437.16,21,39445256,,t,t,c,c,t,g,t,g,c,c,t,t
ENSG00000185437.16,21,39445256,,a,a,a,a,a,g,t,t,c,t,t,g
ENSG00000185437.16,21,39445256,,a,a,a,a,a,g,t,t,c,t,t,g
ENSG00000160221.18,21,44133011,,c,a,c,c,g,g,t,g,a,c,t,c
ENSG00000160221.18,21,44133011,,g,c,t,g,g,g,t,t,g,g,g,c
ENSG00000160221.18,21,44133011,,a,a,c,a,a,g,t,c,a,g,c,c
ENSG00000160221.18,21,44133011,,t,g,c,t,g,g,t,t,t,c,a,t
ENSG00000160221.18,21,44133011,,c,g,t,t,a,g,t,c,t,t,t,g
ENSG00000160221.18,21,44133011,,a,a,c,a,a,g,t,c,a,g,c,c
ENSG00000160221.18,21,44133011,,t,a,t,a,g,g,t,a,t,t,g,a
ENSG00000160221.18,21,44133011,,t,g,c,t,g,g,t,t,t,c,a,t
ENSG00000160221.18,21,44133011,,c,a,t,c,c,g,t,a,a,c,c,t
ENSG00000186971.4,21,30429621,,a,c,c,c,a,g,t,t,a,t,a,t
ENSG00000186930.4,21,30597991,,g,a,t,t,a,g,t,t,t,a,t,a
ENSG00000184724.5,21,30612832,,t,a,t,g,a,g,t,g,a,g,c,t
ENSG00000160223.18,21,44214783,,t,a,a,c,t,g,t,c,t,c,c,t
ENSG00000160223.18,21,44214783,,c,c,a,t,g,g,t,t,g,c,a,g
ENSG00000160223.18,21,44214783,,c,c,c,t,c,g,t,g,a,c,a,c
ENSG00000160223.18,21,44214783,,c,c,t,g,c,g,t,a,g,g,g,g
ENSG00000160223.18,21,44214783,,c,c,c,t,c,g,t,g,a,c,a,c
ENSG00000160223.18,21,44214783,,c,c,c,t,c,g,t,g,a,c,a,c
ENSG00000160223.18,21,44214783,,c,c,c,t,c,g,t,g,a,c,a,c
ENSG00000160223.18,21,44214783,,c,a,c,c,a,g,t,c,g,g,g,t
ENSG00000160223.18,21,44214783,,c,c,c,t,c,g,t,g,a,c,a,c
ENSG00000160223.18,21,44214783,,c,c,c,t,c,g,t,g,a,c,a,c
ENSG00000160223.18,21,44214783,,c,c,c,t,c,g,t,g,a,c,a,c
ENSG00000160223.18,21,44214783,,c,c,c,t,c,g,t,g,a,c,a,c
ENSG00000160223.18,21,44214783,,c,c,t,g,c,g,t,a,g,g,g,g
ENSG00000160223.18,21,44214783,,g,g,c,c,a,g,t,t,a,a,g,c
ENSG00000159110.22,21,33204683,,a,t,a,c,a,g,t,c,t,t,g,g
ENSG00000159110.22,21,33204683,,a,c,a,g,c,g,t,a,t,a,c,g
ENSG00000159110.22,21,33204683,,a,t,a,c,a,g,t,c,t,t,g,g
ENSG00000159110.22,21,33204683,,g,t,g,t,g,g,t,c,t,t,g,a
ENSG00000159110.22,21,33204683,,a,a,a,a,a,g,t,a,g,c,a,a
ENSG00000159110.22,21,33204683,,g,g,a,t,a,g,t,g,t,g,g,a
ENSG00000159110.22,21,33204683,,g,g,a,t,a,g,t,g,t,g,g,a
ENSG00000159110.22,21,33204683,,g,g,a,t,a,g,t,g,t,g,g,a
ENSG00000159110.22,21,33204683,,t,a,a,g,a,g,t,g,t,a,a,g
ENSG00000159110.22,21,33204683,,a,t,a,g,a,g,t,g,t,g,a,g
ENSG00000159110.22,21,33204683,,c,a,g,c,t,g,t,t,a,c,g,g
ENSG00000160299.19,21,46323525,,a,c,a,g,g,g,t,c,a,t,t,t
ENSG00000160299.19,21,46323525,,g,a,g,a,g,g,t,a,g,a,a,a
ENSG00000160299.19,21,46323525,,g,t,g,a,a,g,t,g,c,c,c,t
ENSG00000160299.19,21,46323525,,g,t,g,a,a,g,t,g,c,c,c,t
ENSG00000160299.19,21,46323525,,g,t,g,a,a,g,t,g,c,c,c,t
ENSG00000160299.19,21,46323525,,a,a,a,a,g,g,t,t,g,a,g,c
ENSG00000160299.19,21,46323525,,g,t,g,a,a,g,t,g,c,c,c,t
ENSG00000160299.19,21,46323525,,t,t,a,a,t,g,t,c,t,g,t,t
ENSG00000160299.19,21,46323525,,c,g,t,g,t,g,t,a,g,a,t,g
ENSG00000160299.19,21,46323525,,a,g,g,a,a,g,t,a,a,a,t,t
ENSG00000142166.15,21,33323788,,a,g,g,c,t,g,t,g,a,a,c,c
ENSG00000142166.15,21,33323788,,a,g,g,c,t,g,t,g,a,a,c,c
ENSG00000142166.15,21,33323788,,a,g,t,a,a,g,t,a,c,a,a,a
ENSG00000142166.15,21,33323788,,c,a,a,a,t,g,t,t,a,a,a,t
ENSG00000142166.15,21,33323788,,a,c,c,c,t,g,t,t,g,c,t,g
ENSG00000142166.15,21,33323788,,a,g,c,a,a,g,t,g,g,c,c,c
ENSG00000142166.15,21,33323788,,t,a,a,a,c,g,t,t,g,a,a,c
ENSG00000142166.15,21,33323788,,a,a,a,a,a,g,t,t,t,t,g,t
ENSG00000142166.15,21,33323788,,t,a,c,a,a,g,t,a,t,t,a,g
ENSG00000142166.15,21,33323788,,a,g,g,c,t,g,t,g,a,a,c,c
ENSG00000142166.15,21,33323788,,a,g,g,c,t,g,t,g,a,a,c,c
ENSG00000142166.15,21,33323788,,t,a,a,a,t,g,t,t,c,c,c,t
ENSG00000142166.15,21,33323788,,a,g,g,c,t,g,t,g,a,a,c,c
ENSG00000142166.15,21,33323788,,a,g,g,c,t,g,t,g,a,a,c,c
ENSG00000142166.15,21,33323788,,a,g,g,c,t,g,t,g,a,a,c,c
ENSG00000142166.15,21,33323788,,a,c,t,t,c,g,t,g,t,t,g,t
ENSG00000142166.15,21,33323788,,a,a,a,a,a,g,t,t,t,t,g,t
ENSG00000142166.15,21,33323788,,a,g,g,c,t,g,t,g,a,a,c,c
ENSG00000142166.15,21,33323788,,a,a,a,t,t,g,t,c,c,t,g,g
ENSG00000142166.15,21,33323788,,a,g,g,c,t,g,t,g,a,a,c,c
ENSG00000142166.15,21,33323788,,a,g,g,c,t,g,t,g,a,a,c,c
ENSG00000159140.23,21,33542439,,g,a,a,t,a,g,t,c,g,t,g,g
ENSG00000159140.23,21,33542439,,a,t,g,c,t,g,t,g,t,c,t,c
ENSG00000159140.23,21,33542439,,g,a,a,t,a,g,t,c,g,t,g,g
ENSG00000159140.23,21,33542439,,t,g,g,a,a,g,t,a,a,c,g,t
ENSG00000159140.23,21,33542439,,t,a,t,t,t,g,t,c,t,t,g,t
ENSG00000159140.23,21,33542439,,g,a,a,t,a,g,t,c,g,t,g,g
ENSG00000159140.23,21,33542439,,g,a,c,t,g,g,t,t,g,a,c,c
ENSG00000159140.23,21,33542439,,g,a,a,t,a,g,t,c,g,t,g,g
ENSG00000159140.23,21,33542439,,t,t,t,a,c,g,t,t,g,t,g,g
ENSG00000159140.23,21,33542439,,a,a,t,c,a,g,t,g,g,c,a,a
ENSG00000159140.23,21,33542439,,a,g,c,a,a,g,t,g,g,c,c,t
ENSG00000197381.18,21,45073254,,t,t,c,a,c,g,t,c,t,c,t,g
ENSG00000197381.18,21,45073254,,t,t,t,c,a,g,t,a,c,t,c,t
ENSG00000197381.18,21,45073254,,t,t,c,a,c,g,t,c,t,c,t,g
ENSG00000197381.18,21,45073254,,t,t,c,a,c,g,t,c,t,c,t,g
ENSG00000197381.18,21,45073254,,t,t,c,a,c,g,t,c,t,c,t,g
ENSG00000197381.18,21,45073254,,t,t,c,a,c,g,t,c,t,c,t,g
ENSG00000197381.18,21,45073254,,t,c,t,g,a,g,t,c,g,t,c,c
ENSG00000197381.18,21,45073254,,g,t,g,t,g,g,t,g,a,g,g,g
ENSG00000197381.18,21,45073254,,g,g,g,t,t,g,t,a,g,g,g,a
ENSG00000197381.18,21,45073254,,t,t,c,a,c,g,t,c,t,c,t,g
ENSG00000249624.10,21,33229293,,t,t,t,t,c,g,t,c,c,t,a,t
ENSG00000249624.10,21,33229293,,t,t,t,t,c,g,t,c,c,t,a,t
ENSG00000249624.10,21,33229293,,t,t,t,t,c,g,t,c,c,t,a,t
ENSG00000249624.10,21,33229293,,a,c,c,t,t,g,t,a,g,g,t,c
ENSG00000249624.10,21,33229293,,g,g,a,g,t,g,t,g,c,c,t,g
ENSG00000180530.11,21,14960636,,t,a,a,c,t,g,t,c,a,g,g,a
ENSG00000180530.11,21,14960636,,t,a,a,c,t,g,t,c,a,g,g,a
ENSG00000180530.11,21,14960636,,t,a,a,c,t,g,t,c,a,g,g,a
ENSG00000180530.11,21,14960636,,t,a,a,c,t,g,t,c,a,g,g,a
ENSG00000180530.11,21,14960636,,t,a,a,c,t,g,t,c,a,g,g,a
ENSG00000159200.18,21,34512543,,a,a,a,t,t,g,t,g,a,a,t,a
ENSG00000159200.18,21,34512543,,a,a,a,t,t,g,t,g,a,a,t,a
ENSG00000159200.18,21,34512543,,a,a,a,t,t,g,t,g,a,a,t,a
ENSG00000159200.18,21,34512543,,a,a,a,t,t,g,t,g,a,a,t,a
ENSG00000159200.18,21,34512543,,a,a,a,t,t,g,t,g,a,a,t,a
ENSG00000159200.18,21,34512543,,a,a,a,t,t,g,t,g,a,a,t,a
ENSG00000159200.18,21,34512543,,a,a,a,t,t,g,t,g,a,a,t,a
ENSG00000159200.18,21,34512543,,a,a,a,t,t,g,t,g,a,a,t,a
ENSG00000159200.18,21,34512543,,a,a,a,t,t,g,t,g,a,a,t,a
ENSG00000159200.18,21,34512543,,c,a,t,t,t,g,t,a,c,t,t,g
ENSG00000171189.18,21,29536334,,a,t,g,a,g,g,t,g,g,g,g,a
ENSG00000171189.18,21,29536334,,a,t,g,a,g,g,t,g,g,g,g,a
ENSG00000171189.18,21,29536334,,a,t,g,a,g,g,t,g,g,g,g,a
ENSG00000171189.18,21,29536334,,a,t,g,a,g,g,t,g,g,g,g,a
ENSG00000171189.18,21,29536334,,c,c,g,g,c,g,t,t,c,c,c,c
ENSG00000171189.18,21,29536334,,g,c,a,a,c,g,t,a,c,a,t,t
ENSG00000171189.18,21,29536334,,g,c,a,a,c,g,t,a,c,a,t,t
ENSG00000142192.22,21,25879936,,c,c,g,c,g,g,t,t,c,c,c,t
ENSG00000142192.22,21,25879936,,c,c,g,c,g,g,t,t,c,c,c,t
ENSG00000142192.22,21,25879936,,c,c,g,c,g,g,t,t,c,c,c,t
ENSG00000142192.22,21,25879936,,c,c,g,c,g,g,t,t,c,c,c,t
ENSG00000142192.22,21,25879936,,c,c,g,c,g,g,t,t,c,c,c,t
ENSG00000142192.22,21,25879936,,c,c,g,c,g,g,t,t,c,c,c,t
ENSG00000142192.22,21,25879936,,c,c,g,c,g,g,t,t,c,c,c,t
ENSG00000142192.22,21,25879936,,c,c,g,c,g,g,t,t,c,c,c,t
ENSG00000142192.22,21,25879936,,g,a,a,t,t,g,t,c,t,a,g,a
ENSG00000142192.22,21,25879936,,t,a,g,a,c,g,t,a,t,g,t,t
ENSG00000189169.8,21,44696573,,g,c,t,g,c,g,t,t,g,g,t,g
ENSG00000198862.14,21,28927545,,t,a,t,a,a,g,t,t,t,a,t,a
ENSG00000198862.14,21,28927545,,t,a,t,a,a,g,t,t,t,a,t,a
ENSG00000198862.14,21,28927545,,t,a,t,a,a,g,t,t,t,a,t,a
ENSG00000198862.14,21,28927545,,g,g,c,c,t,g,t,a,a,c,t,a
ENSG00000198862.14,21,28927545,,g,c,t,t,t,g,t,g,a,t,a,g
ENSG00000156253.7,21,29003785,,g,g,a,g,t,g,t,g,a,g,a,c
ENSG00000156256.15,21,29024030,,c,c,t,a,a,g,t,t,c,t,t,g
ENSG00000156256.15,21,29024030,,c,c,t,a,a,g,t,t,c,t,t,g
ENSG00000156256.15,21,29024030,,t,t,c,t,t,g,t,t,t,t,g,g
ENSG00000156256.15,21,29024030,,c,c,t,a,a,g,t,t,c,t,t,g
ENSG00000156261.13,21,29055206,,t,g,g,c,g,g,t,t,c,a,c,g
ENSG00000156261.13,21,29055206,,c,t,t,g,c,g,t,c,c,c,a,g
ENSG00000156261.13,21,29055206,,c,t,t,g,c,g,t,c,c,c,a,g
ENSG00000156261.13,21,29055206,,c,t,t,g,c,g,t,c,c,c,a,g
ENSG00000156261.13,21,29055206,,c,c,t,t,a,g,t,a,t,c,c,c
ENSG00000156265.17,21,29076622,,t,t,c,t,a,g,t,c,a,t,g,t
ENSG00000156265.17,21,29076622,,g,g,c,c,c,g,t,g,t,a,a,t
ENSG00000156265.17,21,29076622,,a,c,t,g,a,g,t,g,t,t,t,c
ENSG00000156265.17,21,29076622,,a,c,t,g,a,g,t,g,t,t,t,c
ENSG00000156265.17,21,29076622,,a,c,t,g,a,g,t,g,t,t,t,c
ENSG00000156265.17,21,29076622,,a,c,t,g,a,g,t,g,t,t,t,c
ENSG00000156265.17,21,29076622,,a,c,t,g,a,g,t,g,t,t,t,c
ENSG00000156265.17,21,29076622,,a,a,c,t,g,g,t,a,g,t,t,t
ENSG00000156265.17,21,29076622,,g,a,c,a,a,g,t,g,t,c,t,a
ENSG00000156265.17,21,29076622,,a,a,a,c,t,g,t,c,a,g,t,t
ENSG00000156265.17,21,29076622,,t,a,a,t,g,g,t,t,t,t,a,c
ENSG00000156265.17,21,29076622,,g,g,c,a,g,g,t,a,a,g,g,a
ENSG00000142173.17,21,46097513,,a,a,c,t,c,g,t,t,c,c,c,g
ENSG00000142173.17,21,46097513,,g,a,a,c,c,g,t,t,t,g,c,g
ENSG00000142173.17,21,46097513,,c,g,g,g,c,g,t,g,c,g,a,g
ENSG00000142173.17,21,46097513,,t,c,c,c,g,g,t,t,g,c,a,g
ENSG00000142173.17,21,46097513,,c,a,a,g,a,g,t,c,t,c,g,a
ENSG00000177692.13,21,33487456,,g,g,g,c,a,g,t,t,c,a,c,a
ENSG00000177692.13,21,33487456,,g,g,g,c,a,g,t,t,c,a,c,a
ENSG00000177692.13,21,33487456,,g,g,g,c,a,g,t,t,c,a,c,a
ENSG00000160256.14,21,44939426,,a,a,t,a,g,g,t,g,c,g,g,c
ENSG00000160256.14,21,44939426,,g,t,t,c,c,g,t,t,g,a,g,c
ENSG00000160256.14,21,44939426,,g,t,t,c,c,g,t,t,g,a,g,c
ENSG00000157542.11,21,37606774,,t,c,a,a,g,g,t,t,c,t,t,t
ENSG00000157542.11,21,37606774,,t,c,a,a,g,g,t,t,c,t,t,t
ENSG00000160213.10,21,43771912,,t,c,g,g,c,g,t,t,t,c,a,g
ENSG00000160213.10,21,43771912,,g,g,g,t,g,g,t,a,g,g,g,g
ENSG00000160213.10,21,43771912,,t,c,g,g,c,g,t,t,t,c,a,g
ENSG00000288593.1,21,43939320,,c,t,c,c,t,g,t,g,c,a,g,c
ENSG00000286224.1,21,46325689,,c,c,g,g,t,g,t,c,c,a,a,g
ENSG00000159216.20,21,34787202,,g,a,t,g,c,g,t,g,t,t,g,c
ENSG00000159216.20,21,34787202,,g,a,t,g,c,g,t,g,t,t,g,c
ENSG00000159216.20,21,34787202,,g,a,t,g,c,g,t,g,t,t,g,c
ENSG00000159216.20,21,34787202,,g,a,t,g,c,g,t,g,t,t,g,c
ENSG00000159216.20,21,34787202,,g,a,t,g,c,g,t,g,t,t,g,c
ENSG00000159216.20,21,34787202,,a,a,g,g,g,g,t,g,g,a,a,c
ENSG00000159216.20,21,34787202,,c,t,t,g,c,g,t,t,a,t,g,a
ENSG00000159216.20,21,34787202,,c,g,c,a,g,g,t,c,t,t,a,c
ENSG00000159216.20,21,34787202,,a,g,t,c,t,g,t,t,g,a,t,g
ENSG00000159216.20,21,34787202,,c,a,t,g,t,g,t,a,t,g,t,a
ENSG00000185808.14,21,37062247,,t,a,g,t,a,g,t,t,a,g,t,t
ENSG00000185808.14,21,37062247,,t,a,g,t,a,g,t,t,a,g,t,t
ENSG00000185808.14,21,37062247,,t,a,g,t,a,g,t,t,a,g,t,t
ENSG00000185808.14,21,37062247,,t,a,g,t,a,g,t,t,a,g,t,t
ENSG00000185808.14,21,37062247,,t,a,g,t,a,g,t,t,a,g,t,t
ENSG00000185808.14,21,37062247,,a,c,a,c,t,g,t,a,t,t,c,c
ENSG00000159259.8,21,36384793,,g,a,a,g,t,g,t,c,t,t,c,a
ENSG00000159261.12,21,36460022,,c,a,t,c,t,g,t,a,a,a,a,t
ENSG00000159261.12,21,36460022,,c,a,t,c,t,g,t,a,a,a,a,t
ENSG00000159261.12,21,36460022,,c,a,t,c,t,g,t,a,a,a,a,t
ENSG00000159261.12,21,36460022,,c,a,t,c,t,g,t,a,a,a,a,t
ENSG00000159261.12,21,36460022,,c,a,t,c,t,g,t,a,a,a,a,t
ENSG00000243927.7,21,34072625,,g,t,a,g,g,g,t,t,g,t,g,g
ENSG00000243927.7,21,34072625,,a,t,t,c,c,g,t,g,g,c,a,a
ENSG00000243927.7,21,34072625,,t,c,t,g,c,g,t,t,a,a,t,t
ENSG00000293606.1,21,34072977,,g,t,a,g,g,g,t,t,g,t,g,g
ENSG00000198743.7,21,34072979,,a,a,a,t,t,g,t,t,a,t,t,t
ENSG00000159197.5,21,34180130,,t,a,a,a,g,g,t,a,g,a,t,g
ENSG00000159197.5,21,34180130,,c,a,t,a,a,g,t,t,t,a,c,t
ENSG00000166265.13,21,26465610,,a,g,t,a,g,g,t,t,a,t,c,g
ENSG00000166265.13,21,26465610,,a,g,g,a,t,g,t,c,g,t,g,t
ENSG00000166265.13,21,26465610,,g,a,c,a,a,g,t,g,t,a,a,c
ENSG00000160202.8,21,43168409,,c,a,a,g,c,g,t,c,c,c,g,c
ENSG00000160202.8,21,43168409,,t,t,g,c,c,g,t,g,g,c,t,g
ENSG00000160202.8,21,43168409,,a,a,c,c,c,g,t,c,g,t,c,t
ENSG00000160310.20,21,46634996,,t,t,t,a,t,g,t,a,a,a,t,a
ENSG00000160310.20,21,46634996,,t,t,t,a,t,g,t,a,a,a,t,a
ENSG00000160310.20,21,46634996,,a,g,a,c,t,g,t,t,c,t,a,t
ENSG00000160310.20,21,46634996,,c,a,g,g,t,g,t,c,g,t,c,a
ENSG00000160310.20,21,46634996,,a,a,t,g,t,g,t,t,t,g,t,g
ENSG00000160310.20,21,46634996,,c,a,a,a,a,g,t,t,t,c,c,c
ENSG00000160310.20,21,46634996,,g,a,c,a,t,g,t,g,c,t,c,a
ENSG00000160310.20,21,46634996,,a,a,a,t,a,g,t,g,g,c,t,g
ENSG00000160310.20,21,46634996,,a,a,a,t,a,g,t,g,g,c,t,g
ENSG00000160310.20,21,46634996,,c,a,g,g,g,g,t,t,g,c,c,t
ENSG00000160179.20,21,42199090,,t,t,c,c,t,g,t,c,t,t,t,c
ENSG00000160179.20,21,42199090,,t,t,c,c,t,g,t,c,t,t,t,c
ENSG00000160179.20,21,42199090,,a,t,c,c,a,g,t,a,g,c,c,c
ENSG00000160179.20,21,42199090,,t,t,t,c,a,g,t,t,t,t,c,t
ENSG00000160179.20,21,42199090,,t,t,c,c,t,g,t,c,t,t,t,c
ENSG00000160179.20,21,42199090,,t,t,c,c,t,g,t,c,t,t,t,c
ENSG00000160179.20,21,42199090,,t,t,c,c,t,g,t,c,t,t,t,c
ENSG00000160305.19,21,46458292,,a,a,a,t,c,g,t,t,t,a,c,a
ENSG00000160305.19,21,46458292,,t,a,a,g,a,g,t,a,g,g,t,g
ENSG00000160305.19,21,46458292,,t,t,t,c,t,g,t,t,a,a,t,g
ENSG00000160305.19,21,46458292,,t,t,t,g,t,g,t,t,t,c,t,g
ENSG00000160305.19,21,46458292,,a,t,a,t,c,g,t,t,c,a,c,c
ENSG00000160305.19,21,46458292,,c,a,g,c,a,g,t,g,a,t,a,c
ENSG00000160305.19,21,46458292,,c,a,g,c,a,g,t,g,a,t,a,c
ENSG00000160307.10,21,46598005,,t,a,a,a,a,g,t,t,t,a,a,t
ENSG00000160307.10,21,46598005,,t,a,a,a,a,g,t,t,t,a,a,t
ENSG00000160307.10,21,46598005,,t,a,a,a,a,g,t,t,t,a,a,t
ENSG00000205670.12,21,34374881,,a,a,a,t,g,g,t,t,c,t,t,g
ENSG00000205670.12,21,34374881,,a,a,a,a,a,g,t,g,g,a,g,t
ENSG00000205670.12,21,34374881,,a,a,a,a,a,g,t,c,c,a,a,a
ENSG00000205670.12,21,34374881,,a,a,a,a,a,g,t,a,g,t,c,g
ENSG00000205670.12,21,34374881,,a,t,a,a,a,g,t,c,t,a,t,a
ENSG00000222018.2,21,34399513,,t,a,a,g,t,g,t,g,g,g,g,t
ENSG00000243627.6,21,34413895,,t,t,a,a,c,g,t,t,c,a,g,t
ENSG00000243627.6,21,34413895,,c,t,t,a,g,g,t,g,c,t,c,a
