GEN_ID,Chromosome,Global_Start,Exon_End,label,B1,B2,B3,B4,B5,B6,B7,B8,B9,B10,B11,B12
ENSG00000154646.9,21,18268517,,c,t,g,t,t,g,t,t,t,c,g,g,False
ENSG00000154646.9,21,18268517,,g,c,a,g,t,g,t,a,a,c,g,t,False
ENSG00000154646.9,21,18268517,,t,g,t,g,g,g,t,t,a,g,c,g,False
ENSG00000154639.19,21,17512444,,t,t,g,c,g,g,t,t,t,a,g,t,False
ENSG00000154639.19,21,17512444,,c,t,t,a,c,g,t,a,c,c,g,a,False
ENSG00000154639.19,21,17512444,,g,c,g,a,a,g,t,c,a,t,c,a,False
ENSG00000154639.19,21,17512444,,g,a,t,c,a,g,t,c,t,t,t,t,False
ENSG00000154639.19,21,17512444,,g,g,a,c,t,g,t,t,g,g,g,t,False
ENSG00000277282.1,21,10648801,,c,a,a,c,g,g,t,c,g,g,c,t,False
ENSG00000142207.7,21,32310419,,g,g,t,g,t,g,t,c,g,t,t,t,False
ENSG00000232263.1,21,30288546,,a,g,t,a,c,g,t,t,a,g,g,t,False
ENSG00000154721.15,21,25638659,,t,g,c,c,t,g,t,g,a,g,a,g,False
ENSG00000154721.15,21,25638659,,t,a,c,c,g,g,t,g,g,c,c,a,False
ENSG00000154721.15,21,25638659,,t,g,a,c,a,g,t,c,t,c,t,g,False
ENSG00000154721.15,21,25638659,,g,t,g,g,c,g,t,t,c,g,t,a,False
ENSG00000156282.5,21,30164966,,g,c,a,c,c,g,t,c,g,a,a,t,False
ENSG00000188694.6,21,30280710,,c,t,c,g,t,g,t,t,t,t,c,g,False
ENSG00000156304.15,21,31670401,,a,g,c,t,t,g,t,g,a,c,a,a,False
ENSG00000156304.15,21,31670401,,c,g,g,c,t,g,t,a,t,t,t,g,False
ENSG00000156304.15,21,31670401,,c,t,a,c,t,g,t,g,a,a,g,c,False
ENSG00000154654.15,21,20997810,,g,a,t,a,a,g,t,c,g,t,g,c,False
ENSG00000154654.15,21,20997810,,t,a,t,a,a,g,t,a,g,c,t,g,False
ENSG00000156284.6,21,30213407,,g,g,g,g,g,g,t,t,a,g,t,c,False
ENSG00000142149.9,21,31872421,,t,a,c,t,g,g,t,t,t,a,c,g,False
ENSG00000142149.9,21,31872421,,t,t,t,g,g,g,t,t,t,a,t,t,False
ENSG00000142149.9,21,31872421,,c,a,c,a,g,g,t,c,g,t,t,c,False
ENSG00000154642.11,21,17788375,,t,c,t,g,t,g,t,g,a,g,g,g,False
ENSG00000154642.11,21,17788375,,t,g,c,g,g,g,t,c,t,c,c,a,False
ENSG00000154642.11,21,17788375,,t,c,a,a,a,g,t,c,g,c,a,a,False
ENSG00000154642.11,21,17788375,,t,a,c,g,g,g,t,a,g,g,g,a,False
ENSG00000159256.13,21,36319590,,c,c,t,g,a,g,t,a,g,t,a,g,False
ENSG00000159256.13,21,36319590,,t,t,g,c,c,g,t,a,g,t,g,a,False
ENSG00000159256.13,21,36319590,,c,a,c,a,a,g,t,a,t,c,c,t,False
ENSG00000159256.13,21,36319590,,g,t,t,a,g,g,t,t,a,a,c,c,False
ENSG00000159256.13,21,36319590,,g,t,t,a,t,g,t,t,c,a,g,c,False
ENSG00000159086.15,21,32733300,,t,c,c,t,a,g,t,t,a,a,c,g,False
ENSG00000159086.15,21,32733300,,g,c,c,g,c,g,t,c,a,t,t,g,False
ENSG00000159086.15,21,32733300,,t,c,a,t,g,g,t,g,t,a,t,a,False
ENSG00000159086.15,21,32733300,,t,t,a,c,a,g,t,a,g,t,c,c,False
ENSG00000159086.15,21,32733300,,c,c,t,g,g,g,t,g,c,g,c,c,False
ENSG00000205929.11,21,32790074,,t,a,t,g,t,g,t,c,a,a,c,g,False
ENSG00000205929.11,21,32790074,,c,c,g,c,t,g,t,a,c,g,a,c,False
ENSG00000205929.11,21,32790074,,t,t,a,c,g,g,t,a,a,t,a,t,False
ENSG00000205929.11,21,32790074,,c,t,t,g,a,g,t,g,g,g,c,a,False
ENSG00000205726.15,21,33641801,,t,t,c,a,g,g,t,a,a,c,c,a,False
ENSG00000205726.15,21,33641801,,c,g,t,c,a,g,t,c,c,g,a,t,False
ENSG00000205726.15,21,33641801,,a,a,g,c,t,g,t,a,t,c,t,g,False
ENSG00000205726.15,21,33641801,,c,g,g,t,a,g,t,t,a,g,c,c,False
ENSG00000205726.15,21,33641801,,g,c,t,g,g,g,t,a,g,c,t,g,False
ENSG00000205726.15,21,33641801,,t,t,t,c,c,g,t,t,c,g,g,c,False
ENSG00000205726.15,21,33641801,,c,g,c,t,t,g,t,a,c,g,t,a,False
ENSG00000205726.15,21,33641801,,t,c,a,a,g,g,t,t,t,c,t,t,False
ENSG00000205726.15,21,33641801,,t,c,c,c,c,g,t,g,g,g,g,c,False
ENSG00000205726.15,21,33641801,,t,t,t,a,g,g,t,t,a,t,t,t,False
ENSG00000205726.15,21,33641801,,c,a,t,c,g,g,t,g,t,g,g,c,False
ENSG00000205726.15,21,33641801,,g,t,c,g,t,g,t,a,a,c,a,t,False
ENSG00000205726.15,21,33641801,,g,g,c,a,t,g,t,c,a,g,a,t,False
ENSG00000205726.15,21,33641801,,g,c,a,t,c,g,t,g,a,g,t,c,False
ENSG00000205726.15,21,33641801,,g,c,g,a,g,g,t,a,t,c,a,c,False
ENSG00000205726.15,21,33641801,,t,c,t,g,c,g,t,g,g,c,a,g,False
ENSG00000205726.15,21,33641801,,a,c,g,g,a,g,t,t,g,c,t,g,False
ENSG00000205726.15,21,33641801,,g,g,c,a,c,g,t,c,g,c,g,c,False
ENSG00000205726.15,21,33641801,,t,g,t,g,c,g,t,a,g,g,t,a,False
ENSG00000205726.15,21,33641801,,c,t,a,g,c,g,t,c,c,g,a,a,False
ENSG00000241837.7,21,33902854,,c,t,c,a,c,g,t,t,g,c,g,t,False
ENSG00000241837.7,21,33902854,,a,g,t,g,g,g,t,t,t,g,c,g,False
ENSG00000241837.7,21,33902854,,t,t,c,g,t,g,t,t,a,g,g,t,False
ENSG00000241837.7,21,33902854,,c,a,t,c,g,g,t,a,a,c,g,t,False
ENSG00000241837.7,21,33902854,,g,g,t,c,a,g,t,t,t,g,a,g,False
ENSG00000241837.7,21,33902854,,c,a,g,g,a,g,t,a,a,g,t,c,False
ENSG00000154645.14,21,17900664,,c,t,a,a,a,g,t,c,a,g,a,g,False
ENSG00000154645.14,21,17900664,,g,c,a,t,t,g,t,g,a,g,t,a,False
ENSG00000154645.14,21,17900664,,g,t,c,c,g,g,t,c,c,g,c,a,False
ENSG00000154645.14,21,17900664,,a,c,t,c,a,g,t,g,a,t,g,a,False
ENSG00000154645.14,21,17900664,,t,c,a,t,t,g,t,g,c,g,c,g,False
ENSG00000154645.14,21,17900664,,t,t,a,t,c,g,t,t,a,t,t,g,False
ENSG00000154645.14,21,17900664,,a,g,c,g,c,g,t,c,t,g,a,c,False
ENSG00000156273.16,21,29193472,,a,t,c,c,c,g,t,c,g,c,a,c,False
ENSG00000156273.16,21,29193472,,a,g,a,a,t,g,t,a,c,a,g,c,False
ENSG00000156273.16,21,29193472,,g,a,g,t,a,g,t,g,t,t,a,t,False
ENSG00000156273.16,21,29193472,,t,t,a,c,g,g,t,t,c,c,c,a,False
ENSG00000156273.16,21,29193472,,t,a,c,g,a,g,t,a,a,a,c,g,False
ENSG00000156273.16,21,29193472,,t,g,c,t,t,g,t,t,g,a,a,a,False
ENSG00000156273.16,21,29193472,,c,t,c,a,a,g,t,g,a,g,t,a,False
ENSG00000156273.16,21,29193472,,c,a,c,t,g,g,t,g,a,a,a,a,False
ENSG00000156273.16,21,29193472,,t,g,t,c,c,g,t,c,c,c,t,c,False
ENSG00000156273.16,21,29193472,,g,a,a,a,a,g,t,a,c,g,c,a,False
ENSG00000156273.16,21,29193472,,t,g,g,g,c,g,t,a,t,c,c,g,False
ENSG00000156273.16,21,29193472,,t,t,a,a,a,g,t,g,t,g,a,c,False
ENSG00000157557.13,21,38804584,,t,a,t,a,g,g,t,t,t,a,a,t,False
ENSG00000157557.13,21,38804584,,a,c,g,t,g,g,t,a,t,t,c,a,False
ENSG00000157557.13,21,38804584,,c,a,t,g,t,g,t,a,a,a,a,g,False
ENSG00000157557.13,21,38804584,,g,c,c,a,t,g,t,t,a,a,g,g,False
ENSG00000157557.13,21,38804584,,c,a,t,g,t,g,t,a,c,t,a,c,False
ENSG00000157557.13,21,38804584,,c,c,c,t,g,g,t,g,g,c,g,g,False
ENSG00000157557.13,21,38804584,,g,g,t,a,a,g,t,g,t,a,a,t,False
ENSG00000157557.13,21,38804584,,a,t,g,c,t,g,t,a,c,a,a,c,False
ENSG00000157557.13,21,38804584,,c,g,a,g,t,g,t,a,a,c,g,a,False
ENSG00000157551.19,21,38154950,,t,c,a,g,a,g,t,a,g,g,g,g,False
ENSG00000157551.19,21,38154950,,t,a,a,c,a,g,t,c,c,c,g,t,False
ENSG00000157551.19,21,38154950,,t,c,t,g,a,g,t,g,t,c,t,c,False
ENSG00000157551.19,21,38154950,,g,t,c,c,g,g,t,t,a,g,t,a,False
ENSG00000157551.19,21,38154950,,g,t,g,t,t,g,t,g,a,g,t,a,False
ENSG00000157551.19,21,38154950,,c,t,t,a,g,g,t,c,g,a,a,a,False
ENSG00000157551.19,21,38154950,,t,g,c,t,t,g,t,c,c,c,a,t,False
ENSG00000157551.19,21,38154950,,g,t,c,g,c,g,t,c,g,a,t,c,False
ENSG00000157551.19,21,38154950,,g,g,a,a,c,g,t,c,t,c,g,a,False
ENSG00000157551.19,21,38154950,,c,a,g,t,c,g,t,c,c,t,g,c,False
ENSG00000157551.19,21,38154950,,a,c,a,g,a,g,t,t,t,t,a,t,False
ENSG00000157551.19,21,38154950,,t,c,g,t,c,g,t,c,a,t,t,a,False
ENSG00000157551.19,21,38154950,,a,t,g,t,c,g,t,c,g,t,t,a,False
ENSG00000157551.19,21,38154950,,g,g,g,t,t,g,t,c,a,c,t,a,False
ENSG00000157551.19,21,38154950,,g,g,a,t,c,g,t,t,a,c,g,t,False
ENSG00000157551.19,21,38154950,,c,c,a,t,c,g,t,c,t,a,t,t,False
ENSG00000157551.19,21,38154950,,t,t,a,c,c,g,t,c,g,g,c,t,False
ENSG00000157551.19,21,38154950,,c,t,a,a,a,g,t,a,c,a,t,c,False
ENSG00000157551.19,21,38154950,,a,a,a,a,a,g,t,a,g,c,c,t,False
ENSG00000157551.19,21,38154950,,g,g,t,g,a,g,t,a,c,g,t,t,False
ENSG00000157551.19,21,38154950,,g,c,c,a,a,g,t,a,t,t,c,t,False
ENSG00000205758.12,21,33588742,,a,c,g,t,t,g,t,a,t,g,a,g,False
ENSG00000205758.12,21,33588742,,g,a,g,a,g,g,t,g,c,g,a,a,False
ENSG00000205758.12,21,33588742,,g,c,a,g,a,g,t,a,t,g,t,g,False
ENSG00000205758.12,21,33588742,,a,t,g,g,g,g,t,a,t,a,g,c,False
ENSG00000205758.12,21,33588742,,c,a,t,a,c,g,t,g,c,c,c,t,False
ENSG00000205758.12,21,33588742,,a,c,a,g,a,g,t,c,t,t,c,c,False
ENSG00000205758.12,21,33588742,,t,g,t,t,c,g,t,c,g,g,a,g,False
ENSG00000205758.12,21,33588742,,c,c,g,a,a,g,t,a,c,c,t,g,False
ENSG00000205758.12,21,33588742,,t,c,c,t,g,g,t,t,a,a,t,g,False
ENSG00000205758.12,21,33588742,,t,g,t,c,g,g,t,g,t,t,t,c,False
ENSG00000205758.12,21,33588742,,c,t,a,a,t,g,t,a,c,c,t,t,False
ENSG00000205758.12,21,33588742,,c,g,g,a,g,g,t,t,g,a,a,a,False
ENSG00000205758.12,21,33588742,,g,g,c,t,a,g,t,a,c,g,a,a,False
ENSG00000205758.12,21,33588742,,a,c,c,g,t,g,t,a,g,g,t,t,False
ENSG00000205758.12,21,33588742,,t,t,t,c,a,g,t,t,a,a,t,a,False
ENSG00000205758.12,21,33588742,,t,a,t,c,g,g,t,t,t,a,c,g,False
ENSG00000205758.12,21,33588742,,g,g,g,g,c,g,t,g,g,t,c,c,False
ENSG00000205758.12,21,33588742,,a,c,c,a,a,g,t,c,c,c,a,t,False
ENSG00000156239.12,21,28871592,,t,g,g,t,c,g,t,t,t,a,t,c,False
ENSG00000156239.12,21,28871592,,c,g,c,c,t,g,t,c,a,g,a,g,False
ENSG00000156239.12,21,28871592,,g,a,a,g,c,g,t,g,g,c,c,g,False
ENSG00000249209.2,21,33584088,,g,g,t,g,c,g,t,t,g,c,t,c,False
ENSG00000154736.6,21,26917323,,t,c,a,c,c,g,t,a,a,c,g,t,False
ENSG00000154736.6,21,26917323,,g,g,c,t,t,g,t,a,a,c,g,c,False
ENSG00000157617.17,21,41884513,,g,c,t,c,t,g,t,a,t,a,c,t,False
ENSG00000157617.17,21,41884513,,t,a,g,g,a,g,t,t,t,a,t,c,False
ENSG00000157617.17,21,41884513,,t,c,a,c,t,g,t,t,t,t,c,c,False
ENSG00000173276.14,21,41986232,,g,a,t,c,t,g,t,t,c,a,g,c,False
ENSG00000173276.14,21,41986232,,a,a,a,t,t,g,t,a,t,g,g,g,False
ENSG00000173276.14,21,41986232,,g,t,t,c,t,g,t,g,t,c,a,g,False
ENSG00000173276.14,21,41986232,,c,c,a,a,c,g,t,g,c,a,g,t,False
ENSG00000173276.14,21,41986232,,g,c,c,t,g,g,t,c,a,c,t,a,False
ENSG00000173276.14,21,41986232,,a,t,c,c,a,g,t,g,a,g,t,g,False
ENSG00000173276.14,21,41986232,,a,a,g,t,c,g,t,a,t,g,t,a,False
ENSG00000159228.13,21,36069342,,c,c,a,t,c,g,t,a,a,a,a,g,False
ENSG00000159228.13,21,36069342,,t,a,c,c,g,g,t,c,t,c,c,c,False
ENSG00000159228.13,21,36069342,,t,c,t,c,g,g,t,c,c,c,c,c,False
ENSG00000159228.13,21,36069342,,g,g,g,a,c,g,t,g,t,c,c,g,False
ENSG00000159231.6,21,36134480,,c,c,a,a,a,g,t,t,t,g,t,c,False
ENSG00000166979.13,21,32411407,,t,g,c,g,a,g,t,g,a,t,g,c,False
ENSG00000166979.13,21,32411407,,a,g,t,c,c,g,t,g,c,c,c,c,False
ENSG00000166979.13,21,32411407,,g,g,g,c,g,g,t,g,a,c,t,c,False
ENSG00000166979.13,21,32411407,,a,c,c,g,c,g,t,g,g,g,c,a,False
ENSG00000166979.13,21,32411407,,c,t,g,t,t,g,t,a,t,a,c,c,False
ENSG00000166979.13,21,32411407,,g,t,c,t,t,g,t,c,c,c,c,c,False
ENSG00000166979.13,21,32411407,,a,c,a,c,g,g,t,a,g,c,g,t,False
ENSG00000159079.19,21,32591480,,g,g,g,t,g,g,t,g,a,c,g,t,False
ENSG00000159079.19,21,32591480,,c,c,t,a,t,g,t,t,t,g,c,t,False
ENSG00000159079.19,21,32591480,,t,t,a,g,c,g,t,t,g,g,t,c,False
ENSG00000159079.19,21,32591480,,c,c,t,c,t,g,t,c,t,t,a,a,False
ENSG00000159079.19,21,32591480,,g,t,t,g,a,g,t,a,g,t,a,g,False
ENSG00000159079.19,21,32591480,,t,a,g,a,c,g,t,t,t,c,a,a,False
ENSG00000159079.19,21,32591480,,a,a,c,t,g,g,t,a,t,c,a,c,False
ENSG00000265590.10,21,32401912,,g,a,g,t,t,g,t,t,c,t,a,a,False
ENSG00000265590.10,21,32401912,,g,t,g,t,g,g,t,c,c,t,a,c,False
ENSG00000265590.10,21,32401912,,c,t,a,g,c,g,t,a,g,a,g,t,False
ENSG00000265590.10,21,32401912,,c,c,a,t,g,g,t,c,g,c,g,c,False
ENSG00000265590.10,21,32401912,,t,a,t,t,g,g,t,c,g,a,g,t,False
ENSG00000265590.10,21,32401912,,t,c,c,c,a,g,t,a,a,a,t,c,False
ENSG00000265590.10,21,32401912,,a,g,t,t,t,g,t,c,t,c,t,c,False
ENSG00000265590.10,21,32401912,,a,a,t,g,a,g,t,a,a,t,g,g,False
ENSG00000265590.10,21,32401912,,c,t,g,c,a,g,t,g,a,t,a,t,False
ENSG00000265590.10,21,32401912,,t,c,c,g,g,g,t,t,t,c,g,g,False
ENSG00000265590.10,21,32401912,,a,t,g,t,t,g,t,t,t,c,g,t,False
ENSG00000265590.10,21,32401912,,t,c,g,c,g,g,t,a,g,a,a,c,False
ENSG00000265590.10,21,32401912,,a,c,g,t,a,g,t,a,g,t,g,a,False
ENSG00000265590.10,21,32401912,,t,g,g,c,g,g,t,g,a,c,c,a,False
ENSG00000265590.10,21,32401912,,t,t,g,g,c,g,t,g,c,t,t,t,False
ENSG00000265590.10,21,32401912,,a,a,t,g,a,g,t,c,g,c,g,t,False
ENSG00000265590.10,21,32401912,,g,a,t,t,c,g,t,t,g,t,c,t,False
ENSG00000265590.10,21,32401912,,t,g,g,a,a,g,t,t,c,a,c,c,False
ENSG00000265590.10,21,32401912,,g,g,a,g,a,g,t,a,c,t,t,a,False
ENSG00000265590.10,21,32401912,,c,t,c,c,c,g,t,t,a,g,g,t,False
ENSG00000242220.9,21,32497368,,t,c,c,a,c,g,t,t,a,c,a,t,False
ENSG00000242220.9,21,32497368,,g,c,g,c,t,g,t,a,a,t,g,t,False
ENSG00000242220.9,21,32497368,,g,t,a,a,t,g,t,t,g,t,t,a,False
ENSG00000242220.9,21,32497368,,c,c,g,t,c,g,t,c,t,a,g,c,False
ENSG00000242220.9,21,32497368,,t,g,a,a,c,g,t,a,g,c,t,t,False
ENSG00000242220.9,21,32497368,,a,c,t,t,c,g,t,t,t,g,t,a,False
ENSG00000242220.9,21,32497368,,t,t,t,t,g,g,t,t,t,g,a,a,False
ENSG00000154640.15,21,17593054,,g,a,t,c,a,g,t,t,g,t,a,a,False
ENSG00000154640.15,21,17593054,,c,g,c,g,g,g,t,a,t,g,c,c,False
ENSG00000154640.15,21,17593054,,a,g,g,a,t,g,t,g,c,c,c,c,False
ENSG00000184900.16,21,44805018,,t,a,t,t,a,g,t,a,t,a,a,c,False
ENSG00000184900.16,21,44805018,,g,c,t,c,g,g,t,c,g,g,c,g,False
ENSG00000184900.16,21,44805018,,c,c,g,g,t,g,t,a,g,g,a,c,False
ENSG00000184900.16,21,44805018,,c,g,c,g,g,g,t,g,t,a,g,c,False
ENSG00000154719.14,21,25585057,,a,g,t,t,a,g,t,g,a,t,c,t,False
ENSG00000154719.14,21,25585057,,a,a,t,c,t,g,t,t,g,t,g,g,False
ENSG00000154719.14,21,25585057,,c,c,c,t,a,g,t,g,c,c,g,a,False
ENSG00000155307.19,21,14484629,,g,c,a,a,g,g,t,g,t,t,g,g,False
ENSG00000155307.19,21,14484629,,g,t,c,t,g,g,t,a,a,a,g,g,False
ENSG00000155307.19,21,14484629,,g,c,a,t,c,g,t,c,g,g,a,a,False
ENSG00000155307.19,21,14484629,,t,a,t,t,t,g,t,a,a,c,a,c,False
ENSG00000155307.19,21,14484629,,t,c,c,g,g,g,t,a,t,t,t,a,False
ENSG00000159263.16,21,36698516,,a,a,a,a,c,g,t,a,t,t,g,g,False
ENSG00000159263.16,21,36698516,,t,t,g,a,t,g,t,c,g,g,c,a,False
ENSG00000159263.16,21,36698516,,g,t,c,c,g,g,t,c,g,c,c,t,False
ENSG00000183145.9,21,37005551,,t,c,a,a,c,g,t,c,c,c,g,t,False
ENSG00000160208.13,21,43658961,,g,t,g,c,a,g,t,t,c,t,g,c,False
ENSG00000160209.19,21,43718495,,g,t,g,g,a,g,t,c,t,g,t,g,False
ENSG00000160209.19,21,43718495,,g,t,t,a,g,g,t,c,c,c,g,a,False
ENSG00000160209.19,21,43718495,,g,g,a,g,g,g,t,g,t,t,t,t,False
ENSG00000160209.19,21,43718495,,t,c,g,a,g,g,t,a,a,c,a,a,False
ENSG00000160209.19,21,43718495,,a,c,a,a,a,g,t,g,a,t,a,t,False
ENSG00000160209.19,21,43718495,,a,a,g,a,t,g,t,a,t,c,g,c,False
ENSG00000160214.13,21,43788914,,t,c,a,c,t,g,t,g,a,t,t,a,False
ENSG00000160214.13,21,43788914,,g,t,c,g,c,g,t,a,c,a,c,c,False
ENSG00000160216.21,21,43864624,,g,t,a,c,t,g,t,t,a,a,g,t,False
ENSG00000160216.21,21,43864624,,c,c,a,c,a,g,t,g,g,a,a,a,False
ENSG00000160216.21,21,43864624,,g,g,c,a,t,g,t,t,a,a,t,a,False
ENSG00000160216.21,21,43864624,,g,a,g,a,t,g,t,g,g,a,a,t,False
ENSG00000160216.21,21,43864624,,c,a,g,t,t,g,t,a,g,c,c,g,False
ENSG00000160216.21,21,43864624,,g,g,a,c,c,g,t,g,g,t,t,c,False
ENSG00000160216.21,21,43864624,,a,a,c,t,g,g,t,t,c,a,g,a,False
ENSG00000160216.21,21,43864624,,t,c,g,c,g,g,t,t,a,c,t,a,False
ENSG00000160216.21,21,43864624,,t,t,t,g,g,g,t,c,c,t,c,c,False
ENSG00000160216.21,21,43864624,,c,g,a,t,a,g,t,g,t,g,t,c,False
ENSG00000160216.21,21,43864624,,g,a,t,a,c,g,t,g,c,c,g,t,False
ENSG00000160218.13,21,44011710,,a,t,t,c,g,g,t,a,a,g,c,a,False
ENSG00000160218.13,21,44011710,,t,g,c,a,g,g,t,c,c,g,c,t,False
ENSG00000160218.13,21,44011710,,a,t,t,g,g,g,t,a,t,c,c,g,False
ENSG00000241945.8,21,44106774,,t,g,g,g,c,g,t,a,g,t,c,a,False
ENSG00000241945.8,21,44106774,,c,a,c,g,c,g,t,a,t,t,t,a,False
ENSG00000157540.22,21,37364974,,c,c,a,a,g,g,t,t,t,a,t,t,False
ENSG00000157540.22,21,37364974,,t,c,a,c,g,g,t,t,a,g,a,c,False
ENSG00000157540.22,21,37364974,,a,g,a,c,a,g,t,a,c,t,c,t,False
ENSG00000157540.22,21,37364974,,a,a,t,a,t,g,t,a,g,g,a,t,False
ENSG00000157540.22,21,37364974,,g,g,a,c,a,g,t,t,a,a,g,t,False
ENSG00000157540.22,21,37364974,,g,c,t,g,c,g,t,g,c,g,c,t,False
ENSG00000157540.22,21,37364974,,g,t,g,c,c,g,t,c,c,t,a,c,False
ENSG00000157540.22,21,37364974,,t,a,t,a,g,g,t,c,c,c,a,c,False
ENSG00000157540.22,21,37364974,,t,t,c,t,a,g,t,g,g,t,c,a,False
ENSG00000157540.22,21,37364974,,c,t,t,t,c,g,t,g,c,c,g,g,False
ENSG00000157540.22,21,37364974,,c,g,c,g,g,g,t,c,g,g,a,a,False
ENSG00000157540.22,21,37364974,,g,c,g,t,a,g,t,a,a,c,a,t,False
ENSG00000157540.22,21,37364974,,g,c,t,c,g,g,t,t,t,g,c,g,False
ENSG00000157540.22,21,37364974,,t,t,c,c,g,g,t,t,t,g,a,g,False
ENSG00000157540.22,21,37364974,,a,c,a,c,g,g,t,g,t,t,g,c,False
ENSG00000157540.22,21,37364974,,t,t,a,t,c,g,t,a,a,c,a,c,False
ENSG00000157540.22,21,37364974,,t,c,g,t,c,g,t,c,a,t,t,a,False
ENSG00000141956.14,21,41797626,,c,a,g,t,t,g,t,t,c,c,t,c,False
ENSG00000141956.14,21,41797626,,c,a,c,g,c,g,t,g,c,t,t,a,False
ENSG00000141956.14,21,41797626,,a,c,a,t,a,g,t,a,g,t,g,c,False
ENSG00000141956.14,21,41797626,,c,g,a,t,t,g,t,a,c,g,a,c,False
ENSG00000141956.14,21,41797626,,c,t,a,g,g,g,t,c,g,a,c,g,False
ENSG00000141956.14,21,41797626,,c,g,c,a,a,g,t,t,c,c,g,t,False
ENSG00000141956.14,21,41797626,,a,g,g,a,t,g,t,g,a,c,t,a,False
ENSG00000160199.15,21,42973911,,g,a,a,c,c,g,t,t,t,c,t,t,False
ENSG00000160199.15,21,42973911,,t,t,a,a,a,g,t,a,t,a,a,c,False
ENSG00000160199.15,21,42973911,,a,g,t,t,g,g,t,g,a,g,a,c,False
ENSG00000160200.18,21,43052592,,c,g,a,a,c,g,t,a,a,t,g,c,False
ENSG00000160200.18,21,43052592,,g,g,t,c,a,g,t,t,t,t,a,g,False
ENSG00000160200.18,21,43052592,,g,g,c,a,c,g,t,a,t,g,g,c,False
ENSG00000160200.18,21,43052592,,c,g,c,t,g,g,t,g,t,g,t,g,False
ENSG00000160200.18,21,43052592,,c,c,c,c,c,g,t,t,g,g,t,c,False
ENSG00000160200.18,21,43052592,,a,g,t,c,g,g,t,a,a,a,g,t,False
ENSG00000160200.18,21,43052592,,t,a,a,g,a,g,t,g,c,c,t,t,False
ENSG00000160200.18,21,43052592,,g,a,a,g,c,g,t,g,g,c,a,g,False
ENSG00000160201.12,21,43092357,,g,g,t,t,g,g,t,c,t,c,t,a,False
ENSG00000160201.12,21,43092357,,a,t,a,t,a,g,t,c,g,t,g,g,False
ENSG00000160201.12,21,43092357,,t,c,g,c,t,g,t,a,a,c,t,c,False
ENSG00000160201.12,21,43092357,,g,c,a,t,a,g,t,g,t,g,g,t,False
ENSG00000160201.12,21,43092357,,c,g,t,t,a,g,t,g,c,c,g,c,False
ENSG00000185917.14,21,36033942,,a,c,t,g,t,g,t,t,t,g,a,c,False
ENSG00000185917.14,21,36033942,,g,t,a,t,g,g,t,c,t,g,t,a,False
ENSG00000185917.14,21,36033942,,g,a,c,t,g,g,t,a,a,a,c,a,False
ENSG00000185917.14,21,36033942,,c,t,g,t,g,g,t,g,g,t,c,a,False
ENSG00000185917.14,21,36033942,,a,g,t,a,a,g,t,a,a,a,a,t,False
ENSG00000185917.14,21,36033942,,a,t,g,c,c,g,t,a,c,c,t,t,False
ENSG00000185917.14,21,36033942,,t,c,c,g,t,g,t,g,g,g,t,c,False
ENSG00000185917.14,21,36033942,,t,a,c,a,a,g,t,c,g,g,a,t,False
ENSG00000185917.14,21,36033942,,a,c,g,a,t,g,t,g,t,t,t,a,False
ENSG00000185917.14,21,36033942,,t,c,g,a,t,g,t,g,t,g,c,g,False
ENSG00000185917.14,21,36033942,,g,t,t,g,t,g,t,t,a,c,a,g,False
ENSG00000185917.14,21,36033942,,g,a,c,c,t,g,t,t,c,t,c,a,False
ENSG00000173638.19,21,45492973,,t,g,a,c,t,g,t,t,a,g,t,t,False
ENSG00000173638.19,21,45492973,,a,a,a,t,c,g,t,a,a,c,g,a,False
ENSG00000173638.19,21,45492973,,g,g,g,a,c,g,t,g,t,t,c,a,False
ENSG00000173638.19,21,45492973,,t,a,c,t,a,g,t,c,g,g,c,g,False
ENSG00000173638.19,21,45492973,,c,t,a,t,g,g,t,t,g,c,a,c,False
ENSG00000173638.19,21,45492973,,t,t,c,t,c,g,t,g,t,a,g,g,False
ENSG00000173638.19,21,45492973,,g,g,g,c,c,g,t,a,a,a,c,a,False
ENSG00000173638.19,21,45492973,,a,a,g,a,a,g,t,t,g,a,g,a,False
ENSG00000173638.19,21,45492973,,g,a,g,c,g,g,t,a,g,a,c,c,False
ENSG00000182871.16,21,45404566,,g,c,a,c,a,g,t,g,a,g,g,a,False
ENSG00000182871.16,21,45404566,,c,g,c,a,a,g,t,a,g,a,c,g,False
ENSG00000182871.16,21,45404566,,t,a,c,t,t,g,t,a,g,c,a,g,False
ENSG00000182871.16,21,45404566,,a,g,t,c,g,g,t,t,a,g,t,g,False
ENSG00000182871.16,21,45404566,,g,a,g,c,g,g,t,c,c,a,t,c,False
ENSG00000183844.17,21,41303613,,c,a,t,c,c,g,t,a,t,g,t,g,False
ENSG00000183844.17,21,41303613,,t,c,g,a,t,g,t,g,a,a,g,t,False
ENSG00000183844.17,21,41303613,,t,c,a,c,g,g,t,a,a,c,g,a,False
ENSG00000183844.17,21,41303613,,a,g,g,a,a,g,t,a,c,a,g,g,False
ENSG00000154734.16,21,26835156,,t,a,t,c,a,g,t,a,c,t,c,t,False
ENSG00000154734.16,21,26835156,,g,g,c,t,c,g,t,a,t,t,t,a,False
ENSG00000154734.16,21,26835156,,g,a,a,c,a,g,t,c,c,c,t,t,False
ENSG00000154734.16,21,26835156,,c,c,g,c,c,g,t,c,c,c,g,g,False
ENSG00000154734.16,21,26835156,,g,g,g,t,g,g,t,a,c,c,a,c,False
ENSG00000154734.16,21,26835156,,c,t,g,t,t,g,t,t,g,c,t,c,False
ENSG00000154734.16,21,26835156,,c,t,c,t,a,g,t,t,c,g,c,g,False
ENSG00000159055.4,21,32267629,,c,a,a,a,t,g,t,c,a,t,t,c,False
ENSG00000170262.13,21,32291214,,t,t,a,g,a,g,t,c,t,a,c,t,False
ENSG00000170262.13,21,32291214,,c,c,t,a,t,g,t,a,a,c,a,a,False
ENSG00000170262.13,21,32291214,,c,c,g,a,a,g,t,c,c,t,a,c,False
ENSG00000160193.12,21,42842495,,t,c,t,c,a,g,t,g,g,t,c,a,False
ENSG00000160193.12,21,42842495,,c,g,a,t,c,g,t,a,c,g,t,t,False
ENSG00000160194.18,21,42879045,,a,a,c,g,g,g,t,g,c,t,t,c,False
ENSG00000160194.18,21,42879045,,g,g,g,c,g,g,t,g,a,c,c,c,False
ENSG00000154727.11,21,25733971,,g,c,a,c,t,g,t,t,a,c,c,t,False
ENSG00000154727.11,21,25733971,,c,t,g,t,t,g,t,a,c,t,t,t,False
ENSG00000159212.13,21,34668395,,c,t,g,a,a,g,t,t,g,t,c,t,False
ENSG00000159212.13,21,34668395,,g,g,g,c,c,g,t,g,c,g,c,a,False
ENSG00000274391.5,21,10520954,,a,c,g,c,t,g,t,a,t,c,c,t,False
ENSG00000274391.5,21,10520954,,g,g,c,t,a,g,t,c,g,a,c,a,False
ENSG00000274391.5,21,10520954,,c,g,t,g,g,g,t,a,a,a,a,t,False
ENSG00000274391.5,21,10520954,,g,a,g,g,a,g,t,g,t,c,t,g,False
ENSG00000274391.5,21,10520954,,a,c,g,a,a,g,t,t,t,a,g,a,False
ENSG00000159082.18,21,32628160,,c,t,t,t,a,g,t,g,a,t,a,g,False
ENSG00000159082.18,21,32628160,,g,g,a,t,t,g,t,t,g,g,g,g,False
ENSG00000159082.18,21,32628160,,t,t,t,g,t,g,t,c,g,g,a,g,False
ENSG00000159082.18,21,32628160,,a,c,g,t,t,g,t,a,g,a,t,g,False
ENSG00000159082.18,21,32628160,,c,a,g,a,g,g,t,a,g,a,c,c,False
ENSG00000159082.18,21,32628160,,c,c,t,g,t,g,t,c,g,c,g,a,False
ENSG00000159082.18,21,32628160,,t,a,g,c,g,g,t,t,t,c,c,c,False
ENSG00000159082.18,21,32628160,,c,c,a,t,t,g,t,c,t,c,g,c,False
ENSG00000159082.18,21,32628160,,t,t,a,a,g,g,t,g,g,c,a,t,False
ENSG00000159082.18,21,32628160,,t,a,c,t,a,g,t,t,g,c,c,g,False
ENSG00000159082.18,21,32628160,,g,a,g,t,g,g,t,a,c,g,c,a,False
ENSG00000159082.18,21,32628160,,t,g,g,a,a,g,t,c,a,c,a,g,False
ENSG00000185272.14,21,14215531,,t,a,a,a,c,g,t,a,c,a,c,t,False
ENSG00000155304.6,21,14370516,,g,c,g,t,g,g,t,c,g,g,t,c,False
ENSG00000183527.12,21,39174170,,t,c,a,t,g,g,t,a,t,t,t,c,False
ENSG00000183527.12,21,39174170,,c,c,t,t,c,g,t,c,g,c,t,t,False
ENSG00000183527.12,21,39174170,,c,t,t,g,g,g,t,g,c,g,t,a,False
ENSG00000183527.12,21,39174170,,a,c,t,a,c,g,t,a,c,a,c,t,False
ENSG00000185658.14,21,39183577,,t,c,a,g,t,g,t,g,g,c,a,g,False
ENSG00000185658.14,21,39183577,,c,c,g,g,a,g,t,a,g,c,g,a,False
ENSG00000185658.14,21,39183577,,g,a,c,t,c,g,t,c,a,a,g,t,False
ENSG00000185658.14,21,39183577,,c,g,a,g,g,g,t,g,a,g,g,a,False
ENSG00000185658.14,21,39183577,,g,g,t,g,t,g,t,c,g,a,g,g,False
ENSG00000185658.14,21,39183577,,a,g,t,a,t,g,t,a,g,g,c,t,False
ENSG00000185658.14,21,39183577,,c,t,t,t,a,g,t,c,t,c,c,t,False
ENSG00000185658.14,21,39183577,,t,a,c,g,c,g,t,t,c,a,t,t,False
ENSG00000185658.14,21,39183577,,a,c,a,t,g,g,t,g,g,t,t,t,False
ENSG00000185658.14,21,39183577,,g,a,c,t,g,g,t,a,a,g,c,g,False
ENSG00000185658.14,21,39183577,,t,g,c,a,a,g,t,a,t,a,g,t,False
ENSG00000205581.11,21,39341716,,a,a,t,a,g,g,t,c,a,t,g,a,False
ENSG00000205581.11,21,39341716,,t,g,g,c,t,g,t,g,c,g,t,c,False
ENSG00000205581.11,21,39341716,,c,a,t,g,c,g,t,a,t,a,c,a,False
ENSG00000205581.11,21,39341716,,g,c,t,g,a,g,t,g,a,t,g,c,False
ENSG00000205581.11,21,39341716,,t,g,t,g,t,g,t,a,c,t,t,g,False
ENSG00000205581.11,21,39341716,,a,a,t,t,c,g,t,t,t,g,t,c,False
ENSG00000205581.11,21,39341716,,c,t,t,t,c,g,t,g,t,a,c,a,False
ENSG00000205581.11,21,39341716,,a,a,c,t,c,g,t,c,t,a,c,a,False
ENSG00000205581.11,21,39341716,,t,c,t,c,c,g,t,g,a,c,c,t,False
ENSG00000182093.16,21,39377099,,a,c,c,g,c,g,t,g,t,t,a,c,False
ENSG00000182093.16,21,39377099,,g,a,c,g,c,g,t,c,a,g,a,c,False
ENSG00000182093.16,21,39377099,,g,g,t,g,a,g,t,c,t,c,t,c,False
ENSG00000182093.16,21,39377099,,c,t,g,g,t,g,t,t,c,t,g,c,False
ENSG00000182093.16,21,39377099,,g,t,c,a,g,g,t,g,c,c,a,a,False
ENSG00000182093.16,21,39377099,,g,a,a,g,a,g,t,g,g,t,a,a,False
ENSG00000182093.16,21,39377099,,t,t,a,g,g,g,t,t,g,a,t,c,False
ENSG00000182093.16,21,39377099,,c,t,c,g,c,g,t,a,t,c,g,c,False
ENSG00000182093.16,21,39377099,,t,g,g,c,t,g,t,a,a,a,t,a,False
ENSG00000182093.16,21,39377099,,t,a,a,a,a,g,t,t,a,g,a,g,False
ENSG00000182093.16,21,39377099,,c,t,g,a,g,g,t,g,c,g,t,g,False
ENSG00000182093.16,21,39377099,,g,c,a,g,a,g,t,a,t,c,a,g,False
ENSG00000182093.16,21,39377099,,a,t,t,t,c,g,t,g,g,g,t,g,False
ENSG00000182093.16,21,39377099,,t,a,c,g,c,g,t,c,g,c,a,g,False
ENSG00000182093.16,21,39377099,,g,c,c,t,t,g,t,a,a,g,c,a,False
ENSG00000182093.16,21,39377099,,t,g,g,t,a,g,t,t,t,t,t,c,False
ENSG00000285815.1,21,39379733,,g,c,g,g,g,g,t,a,a,t,c,c,False
ENSG00000285815.1,21,39379733,,c,c,a,g,c,g,t,a,g,c,g,t,False
ENSG00000183036.11,21,39866839,,c,a,g,c,g,g,t,t,g,t,t,t,False
ENSG00000183036.11,21,39866839,,c,a,a,a,a,g,t,t,t,t,g,t,False
ENSG00000171587.15,21,40010400,,t,g,t,t,a,g,t,t,c,c,a,g,False
ENSG00000171587.15,21,40010400,,c,t,c,g,g,g,t,a,c,a,t,t,False
ENSG00000171587.15,21,40010400,,g,c,g,g,c,g,t,t,t,c,c,g,False
ENSG00000182240.16,21,41167202,,c,c,a,t,t,g,t,a,g,g,g,a,False
ENSG00000182240.16,21,41167202,,c,t,g,c,c,g,t,c,c,t,t,g,False
ENSG00000182240.16,21,41167202,,c,a,c,a,a,g,t,g,c,g,g,c,False
ENSG00000183421.12,21,41738770,,c,g,g,t,c,g,t,a,a,g,g,c,False
ENSG00000183421.12,21,41738770,,g,a,g,t,g,g,t,t,c,t,t,a,False
ENSG00000160181.9,21,42345758,,c,a,t,a,t,g,t,a,t,g,t,g,False
ENSG00000160182.3,21,42361683,,a,g,c,t,a,g,t,g,a,a,t,t,False
ENSG00000160183.17,21,42371288,,g,a,c,g,t,g,t,g,a,c,a,a,False
ENSG00000160183.17,21,42371288,,t,t,c,a,t,g,t,t,g,a,a,a,False
ENSG00000160183.17,21,42371288,,t,c,t,c,g,g,t,g,t,c,a,a,False
ENSG00000160183.17,21,42371288,,c,g,a,c,c,g,t,t,a,c,g,g,False
ENSG00000160183.17,21,42371288,,a,a,a,a,t,g,t,g,g,g,c,g,False
ENSG00000160185.15,21,42402848,,a,a,c,g,g,g,t,c,g,g,t,t,False
ENSG00000160185.15,21,42402848,,g,g,c,c,c,g,t,t,c,c,g,a,False
ENSG00000160185.15,21,42402848,,c,a,t,g,a,g,t,c,c,c,c,t,False
ENSG00000160185.15,21,42402848,,g,g,t,a,t,g,t,t,t,g,c,g,False
ENSG00000160185.15,21,42402848,,a,g,t,c,c,g,t,t,g,g,c,a,False
ENSG00000160185.15,21,42402848,,a,t,a,c,t,g,t,a,g,t,g,t,False
ENSG00000160185.15,21,42402848,,c,g,t,t,g,g,t,t,t,t,c,t,False
ENSG00000160185.15,21,42402848,,t,t,c,c,c,g,t,c,g,t,t,g,False
ENSG00000160188.10,21,42471887,,a,a,c,c,t,g,t,t,a,a,t,a,False
ENSG00000160188.10,21,42471887,,g,g,c,a,a,g,t,a,g,a,g,t,False
ENSG00000160190.14,21,42495409,,g,t,t,g,a,g,t,g,c,c,a,g,False
ENSG00000160190.14,21,42495409,,a,t,t,c,c,g,t,a,t,g,a,a,False
ENSG00000160190.14,21,42495409,,c,a,g,a,c,g,t,a,g,a,g,a,False
ENSG00000160190.14,21,42495409,,c,g,c,t,g,g,t,g,c,g,t,t,False
ENSG00000160191.18,21,42653022,,g,c,t,t,g,g,t,c,g,g,a,t,False
ENSG00000160191.18,21,42653022,,c,c,g,c,t,g,t,g,g,c,t,c,False
ENSG00000160191.18,21,42653022,,g,g,c,c,t,g,t,g,t,c,t,a,False
ENSG00000160191.18,21,42653022,,c,a,a,t,g,g,t,t,a,g,t,a,False
ENSG00000160191.18,21,42653022,,g,t,t,t,c,g,t,t,a,g,c,g,False
ENSG00000160191.18,21,42653022,,a,a,t,g,g,g,t,c,a,g,a,a,False
ENSG00000160191.18,21,42653022,,c,c,a,c,a,g,t,a,t,g,a,c,False
ENSG00000160191.18,21,42653022,,a,a,g,a,g,g,t,c,g,a,g,a,False
ENSG00000160191.18,21,42653022,,c,a,a,a,a,g,t,c,t,c,a,a,False
ENSG00000160191.18,21,42653022,,t,c,g,c,t,g,t,t,c,t,g,g,False
ENSG00000160191.18,21,42653022,,t,g,t,g,a,g,t,a,a,a,t,g,False
ENSG00000160191.18,21,42653022,,g,t,g,c,t,g,t,g,t,c,g,a,False
ENSG00000160191.18,21,42653022,,a,c,g,g,g,g,t,g,g,a,g,a,False
ENSG00000142178.9,21,43413884,,a,a,g,c,t,g,t,g,a,c,t,t,False
ENSG00000142178.9,21,43413884,,c,c,g,t,g,g,t,t,c,c,c,t,False
ENSG00000160207.9,21,43528587,,g,c,a,g,g,g,t,g,t,g,a,t,False
ENSG00000160207.9,21,43528587,,c,g,g,a,c,g,t,t,t,t,t,t,False
ENSG00000234289.6,21,43564583,,c,a,a,a,t,g,t,a,g,t,a,c,False
ENSG00000142182.9,21,44245740,,a,t,c,c,a,g,t,g,g,g,c,c,False
ENSG00000142182.9,21,44245740,,a,c,c,t,t,g,t,t,a,a,a,a,False
ENSG00000142182.9,21,44245740,,c,g,a,g,g,g,t,g,g,t,g,a,False
ENSG00000160224.17,21,44285239,,t,g,c,c,g,g,t,c,t,a,t,a,False
ENSG00000141959.17,21,44299452,,g,t,c,t,c,g,t,g,t,c,c,a,False
ENSG00000141959.17,21,44299452,,c,c,g,t,t,g,t,a,a,a,t,g,False
ENSG00000141959.17,21,44299452,,g,g,a,t,g,g,t,g,a,a,t,t,False
ENSG00000160226.16,21,44328345,,c,t,c,c,t,g,t,t,a,a,g,t,False
ENSG00000160226.16,21,44328345,,c,t,g,a,t,g,t,c,c,c,c,c,False
ENSG00000160226.16,21,44328345,,t,g,g,t,t,g,t,g,t,a,g,t,False
ENSG00000160233.8,21,44454911,,c,t,g,c,g,g,t,c,g,a,a,t,False
ENSG00000175894.18,21,44497294,,t,c,t,a,c,g,t,t,a,c,g,t,False
ENSG00000175894.18,21,44497294,,g,g,a,c,a,g,t,t,g,a,g,c,False
ENSG00000215455.4,21,44538382,,g,t,t,c,t,g,t,c,g,g,c,t,False
ENSG00000205445.3,21,44549758,,g,c,t,g,g,g,t,t,a,t,c,c,False
ENSG00000212935.2,21,44557191,,g,t,t,c,c,g,t,a,t,a,a,t,False
ENSG00000241123.1,21,44578856,,a,a,t,a,g,g,t,c,g,c,c,a,False
ENSG00000188155.11,21,44590669,,a,a,g,c,g,g,t,a,g,t,t,g,False
ENSG00000272804.3,21,44599998,,a,g,a,g,a,g,t,c,t,t,t,a,False
ENSG00000187766.1,21,44611480,,g,g,t,t,t,g,t,t,c,t,c,g,False
ENSG00000221859.2,21,44636757,,t,a,t,g,a,g,t,t,a,t,a,c,False
ENSG00000243489.4,21,44645815,,c,g,a,g,c,g,t,c,g,t,g,a,False
ENSG00000212933.1,21,44653614,,a,a,a,c,a,g,t,g,c,a,c,g,False
ENSG00000205439.10,21,44657333,,t,a,a,c,t,g,t,g,c,t,c,c,False
ENSG00000221864.4,21,44665590,,c,g,t,g,c,g,t,a,c,a,g,a,False
ENSG00000187175.5,21,44680977,,c,a,t,t,c,g,t,c,t,a,c,g,False
ENSG00000184787.19,21,44767981,,g,g,c,t,c,g,t,a,c,t,g,t,False
ENSG00000184787.19,21,44767981,,c,a,a,t,c,g,t,c,g,c,t,g,False
ENSG00000184787.19,21,44767981,,c,a,c,a,g,g,t,t,c,g,g,a,False
ENSG00000184787.19,21,44767981,,a,g,g,t,g,g,t,g,g,a,t,c,False
ENSG00000183255.12,21,44848986,,t,a,t,g,t,g,t,c,c,g,g,a,False
ENSG00000183255.12,21,44848986,,a,c,a,a,c,g,t,c,a,g,t,t,False
ENSG00000183255.12,21,44848986,,g,g,a,a,a,g,t,c,a,a,a,g,False
ENSG00000183255.12,21,44848986,,t,t,a,c,t,g,t,g,a,c,t,g,False
ENSG00000186866.17,21,45263329,,t,g,g,a,g,g,t,t,a,c,c,g,False
ENSG00000186866.17,21,45263329,,a,a,a,t,g,g,t,t,t,a,a,g,False
ENSG00000186866.17,21,45263329,,g,t,c,g,g,g,t,t,c,a,g,g,False
ENSG00000186866.17,21,45263329,,a,g,c,a,a,g,t,a,t,a,c,t,False
ENSG00000186866.17,21,45263329,,t,t,a,c,g,g,t,g,a,a,a,g,False
ENSG00000186866.17,21,45263329,,t,g,t,g,c,g,t,g,a,t,a,t,False
ENSG00000183570.17,21,45643095,,c,t,t,a,g,g,t,t,a,g,a,a,False
ENSG00000183570.17,21,45643095,,t,g,a,a,g,g,t,g,t,t,t,a,False
ENSG00000183570.17,21,45643095,,a,g,c,g,c,g,t,g,c,t,t,t,False
ENSG00000183570.17,21,45643095,,c,c,c,a,a,g,t,a,g,a,t,c,False
ENSG00000183570.17,21,45643095,,g,g,a,c,c,g,t,a,t,c,a,a,False
ENSG00000183570.17,21,45643095,,g,t,c,g,a,g,t,a,a,a,a,c,False
ENSG00000183570.17,21,45643095,,c,t,g,c,t,g,t,t,a,t,t,t,False
ENSG00000183570.17,21,45643095,,g,t,a,t,c,g,t,c,a,c,a,g,False
ENSG00000183570.17,21,45643095,,g,g,a,t,c,g,t,g,t,g,t,a,False
ENSG00000184012.14,21,41463701,,c,g,c,c,a,g,t,c,c,c,c,t,False
ENSG00000184012.14,21,41463701,,t,a,c,t,c,g,t,t,a,t,t,c,False
ENSG00000184012.14,21,41463701,,t,c,c,g,t,g,t,c,t,c,c,g,False
ENSG00000184012.14,21,41463701,,c,c,a,g,g,g,t,c,c,g,c,g,False
ENSG00000184012.14,21,41463701,,c,c,t,c,a,g,t,a,t,t,g,g,False
ENSG00000184012.14,21,41463701,,c,a,g,a,c,g,t,g,c,c,g,a,False
ENSG00000184012.14,21,41463701,,c,a,t,c,c,g,t,a,c,a,a,a,False
ENSG00000184012.14,21,41463701,,c,a,g,c,g,g,t,c,g,g,t,t,False
ENSG00000184012.14,21,41463701,,c,c,t,c,a,g,t,c,g,c,g,g,False
ENSG00000184012.14,21,41463701,,c,t,g,a,a,g,t,c,a,t,c,c,False
ENSG00000184012.14,21,41463701,,g,a,g,t,g,g,t,c,g,a,t,t,False
ENSG00000184012.14,21,41463701,,a,c,a,t,g,g,t,g,c,g,a,t,False
ENSG00000184012.14,21,41463701,,g,t,t,g,c,g,t,t,t,c,t,g,False
ENSG00000184012.14,21,41463701,,a,t,c,c,g,g,t,g,t,g,a,c,False
ENSG00000184012.14,21,41463701,,t,a,a,t,g,g,t,g,a,a,t,g,False
ENSG00000184012.14,21,41463701,,a,c,t,a,g,g,t,a,a,c,c,t,False
ENSG00000157601.15,21,41419421,,t,t,a,c,c,g,t,c,a,g,c,t,False
ENSG00000157601.15,21,41419421,,a,a,c,g,c,g,t,t,g,t,t,t,False
ENSG00000157601.15,21,41419421,,a,c,g,a,c,g,t,t,c,c,a,a,False
ENSG00000157601.15,21,41419421,,c,a,c,a,c,g,t,c,g,g,c,g,False
ENSG00000157601.15,21,41419421,,a,g,g,a,g,g,t,t,c,c,c,c,False
ENSG00000157601.15,21,41419421,,a,t,a,c,a,g,t,t,a,a,a,c,False
ENSG00000157601.15,21,41419421,,a,a,t,c,a,g,t,g,t,a,g,a,False
ENSG00000157601.15,21,41419421,,g,g,a,t,g,g,t,g,a,g,g,t,False
ENSG00000157601.15,21,41419421,,c,c,c,c,t,g,t,c,g,a,a,g,False
ENSG00000157601.15,21,41419421,,a,c,a,g,t,g,t,g,g,a,a,t,False
ENSG00000157601.15,21,41419421,,t,t,c,c,c,g,t,c,c,a,t,t,False
ENSG00000157601.15,21,41419421,,g,t,a,t,c,g,t,a,g,c,a,t,False
ENSG00000157601.15,21,41419421,,c,a,a,c,c,g,t,a,c,t,a,c,False
ENSG00000157601.15,21,41419421,,t,g,a,t,c,g,t,c,a,a,t,g,False
ENSG00000157601.15,21,41419421,,c,t,g,c,a,g,t,g,a,c,a,c,False
ENSG00000157601.15,21,41419421,,a,t,c,c,t,g,t,t,a,g,a,t,False
ENSG00000157601.15,21,41419421,,g,g,a,g,c,g,t,g,a,a,a,c,False
ENSG00000157601.15,21,41419421,,t,a,a,c,g,g,t,g,t,g,a,a,False
ENSG00000157601.15,21,41419421,,g,t,c,c,c,g,t,g,a,t,a,t,False
ENSG00000157601.15,21,41419421,,c,t,c,g,t,g,t,c,a,t,g,c,False
ENSG00000157601.15,21,41419421,,g,g,t,t,g,g,t,a,c,a,g,a,False
ENSG00000157601.15,21,41419421,,c,t,a,g,t,g,t,t,t,t,t,g,False
ENSG00000157601.15,21,41419421,,a,t,a,g,a,g,t,g,a,t,g,g,False
ENSG00000157601.15,21,41419421,,c,c,a,c,c,g,t,a,t,c,t,c,False
ENSG00000157601.15,21,41419421,,t,c,c,g,c,g,t,a,g,c,g,g,False
ENSG00000157601.15,21,41419421,,g,g,g,a,c,g,t,g,t,t,g,t,False
ENSG00000157601.15,21,41419421,,g,t,g,a,a,g,t,t,a,c,c,g,False
ENSG00000157601.15,21,41419421,,g,t,c,t,t,g,t,c,g,c,g,a,False
ENSG00000157601.15,21,41419421,,a,g,a,a,g,g,t,g,c,a,a,c,False
ENSG00000157601.15,21,41419421,,a,a,t,a,t,g,t,g,t,c,t,t,False
ENSG00000157601.15,21,41419421,,t,g,t,c,c,g,t,t,g,a,c,c,False
ENSG00000157601.15,21,41419421,,c,t,a,a,g,g,t,g,g,c,g,a,False
ENSG00000157601.15,21,41419421,,t,c,a,a,c,g,t,g,g,c,t,c,False
ENSG00000157601.15,21,41419421,,c,c,g,c,t,g,t,c,c,a,t,c,False
ENSG00000157601.15,21,41419421,,c,c,a,c,c,g,t,g,a,a,g,c,False
ENSG00000157601.15,21,41419421,,g,g,a,t,g,g,t,a,g,g,g,t,False
ENSG00000157601.15,21,41419421,,a,g,t,t,a,g,t,c,t,g,t,g,False
ENSG00000183486.14,21,41361400,,a,c,c,a,g,g,t,a,c,t,c,t,False
ENSG00000183486.14,21,41361400,,g,g,c,g,g,g,t,c,t,g,t,g,False
ENSG00000183486.14,21,41361400,,a,a,a,c,c,g,t,t,t,t,c,a,False
ENSG00000183486.14,21,41361400,,a,g,g,a,g,g,t,g,t,a,a,c,False
ENSG00000183486.14,21,41361400,,c,g,t,g,t,g,t,a,t,g,t,c,False
ENSG00000183486.14,21,41361400,,a,a,g,c,a,g,t,c,t,a,c,t,False
ENSG00000183486.14,21,41361400,,t,g,g,t,g,g,t,t,a,a,c,g,False
ENSG00000157578.14,21,39405129,,g,a,g,g,t,g,t,c,c,c,t,t,False
ENSG00000157578.14,21,39405129,,a,t,g,g,g,g,t,g,a,t,c,g,False
ENSG00000157578.14,21,39405129,,c,t,g,g,t,g,t,t,g,a,c,a,False
ENSG00000157578.14,21,39405129,,a,g,t,c,a,g,t,t,t,g,t,c,False
ENSG00000157578.14,21,39405129,,c,a,c,g,c,g,t,g,a,t,a,a,False
ENSG00000157578.14,21,39405129,,t,a,c,a,g,g,t,g,t,c,c,c,False
ENSG00000157578.14,21,39405129,,a,c,g,g,c,g,t,a,g,g,c,c,False
ENSG00000157578.14,21,39405129,,g,c,g,a,a,g,t,t,t,c,a,g,False
ENSG00000157578.14,21,39405129,,a,t,t,a,g,g,t,c,t,g,c,t,False
ENSG00000157578.14,21,39405129,,a,g,t,t,c,g,t,a,g,t,t,c,False
ENSG00000157578.14,21,39405129,,g,a,c,t,c,g,t,a,c,a,c,g,False
ENSG00000157578.14,21,39405129,,c,t,g,c,g,g,t,t,t,a,t,a,False
ENSG00000157578.14,21,39405129,,t,c,c,g,t,g,t,c,c,a,a,c,False
ENSG00000154723.13,21,25715904,,t,t,t,g,c,g,t,g,g,g,c,c,False
ENSG00000154723.13,21,25715904,,g,t,t,a,g,g,t,t,t,a,a,c,False
ENSG00000154723.13,21,25715904,,g,t,a,g,g,g,t,t,g,g,t,a,False
ENSG00000154723.13,21,25715904,,t,c,c,t,a,g,t,t,a,t,c,c,False
ENSG00000154723.13,21,25715904,,t,t,g,g,a,g,t,a,a,t,g,g,False
ENSG00000154723.13,21,25715904,,a,c,a,a,t,g,t,c,a,g,a,g,False
ENSG00000154723.13,21,25715904,,t,a,c,c,a,g,t,t,a,t,c,c,False
ENSG00000160284.15,21,46160549,,g,g,a,a,a,g,t,t,t,a,t,a,False
ENSG00000160284.15,21,46160549,,c,g,g,t,g,g,t,c,g,g,a,c,False
ENSG00000160285.15,21,46187542,,a,c,c,a,g,g,t,g,c,a,g,t,False
ENSG00000160285.15,21,46187542,,t,g,c,c,g,g,t,a,t,c,c,c,False
ENSG00000160285.15,21,46187542,,t,a,t,g,a,g,t,a,c,a,c,t,False
ENSG00000160285.15,21,46187542,,g,a,a,a,a,g,t,c,g,t,t,a,False
ENSG00000160285.15,21,46187542,,g,a,t,g,c,g,t,g,a,c,a,a,False
ENSG00000160285.15,21,46187542,,g,a,t,g,c,g,t,g,c,c,c,a,False
ENSG00000160282.15,21,46135561,,a,t,t,c,c,g,t,g,g,g,a,t,False
ENSG00000160282.15,21,46135561,,t,g,g,g,t,g,t,c,t,c,t,a,False
ENSG00000160282.15,21,46135561,,g,c,g,a,g,g,t,a,a,a,g,a,False
ENSG00000160282.15,21,46135561,,a,g,t,a,t,g,t,g,g,c,g,g,False
ENSG00000160282.15,21,46135561,,c,a,a,a,c,g,t,c,c,t,t,c,False
ENSG00000160282.15,21,46135561,,a,a,c,g,c,g,t,g,a,a,c,c,False
ENSG00000160282.15,21,46135561,,t,c,t,t,a,g,t,g,t,g,g,c,False
ENSG00000159267.17,21,36748027,,g,c,c,a,a,g,t,g,a,c,g,a,False
ENSG00000159267.17,21,36748027,,t,a,g,a,g,g,t,t,t,g,g,g,False
ENSG00000159267.17,21,36748027,,g,a,g,t,c,g,t,g,a,a,t,c,False
ENSG00000159267.17,21,36748027,,a,t,g,a,c,g,t,a,t,g,a,c,False
ENSG00000159267.17,21,36748027,,t,c,t,t,g,g,t,c,c,c,c,g,False
ENSG00000159267.17,21,36748027,,a,c,g,a,c,g,t,a,t,g,t,c,False
ENSG00000159267.17,21,36748027,,t,t,t,a,a,g,t,c,g,c,t,g,False
ENSG00000159267.17,21,36748027,,c,t,g,t,t,g,t,g,a,g,g,a,False
ENSG00000180509.13,21,34446089,,g,t,a,c,g,g,t,g,t,t,g,c,False
ENSG00000180509.13,21,34446089,,c,c,c,a,a,g,t,t,g,t,c,a,False
ENSG00000180509.13,21,34446089,,a,g,t,t,a,g,t,c,c,a,c,a,False
ENSG00000180509.13,21,34446089,,a,t,c,g,c,g,t,t,t,g,a,g,False
ENSG00000180509.13,21,34446089,,t,c,a,t,t,g,t,a,a,c,a,t,False
ENSG00000180509.13,21,34446089,,c,a,c,g,g,g,t,t,c,t,g,g,False
ENSG00000180509.13,21,34446089,,a,g,a,g,a,g,t,t,t,c,c,g,False
ENSG00000180509.13,21,34446089,,a,c,g,a,t,g,t,c,g,c,a,a,False
ENSG00000142156.16,21,45981171,,t,c,a,a,a,g,t,c,c,t,a,c,False
ENSG00000142156.16,21,45981171,,t,t,a,a,a,g,t,c,t,c,g,c,False
ENSG00000142156.16,21,45981171,,t,g,t,g,c,g,t,t,c,c,a,a,False
ENSG00000205927.5,21,33025336,,a,t,g,c,t,g,t,g,a,t,c,c,False
ENSG00000205927.5,21,33025336,,c,c,g,c,a,g,t,g,a,c,a,t,False
ENSG00000205927.5,21,33025336,,g,t,t,g,g,g,t,c,c,t,c,a,False
ENSG00000184221.13,21,33069542,,a,t,c,c,g,g,t,t,a,g,g,a,False
ENSG00000184221.13,21,33069542,,t,a,t,t,c,g,t,c,g,c,g,c,False
ENSG00000160180.17,21,42311068,,t,a,a,a,a,g,t,t,c,c,t,t,False
ENSG00000160180.17,21,42311068,,c,t,a,c,t,g,t,c,a,c,t,g,False
ENSG00000166351.11,21,13609178,,g,g,a,c,g,g,t,a,a,c,a,c,False
ENSG00000166351.11,21,13609178,,a,t,a,a,g,g,t,a,a,g,c,a,False
ENSG00000177398.19,21,42062360,,g,c,t,t,t,g,t,t,t,c,g,a,False
ENSG00000177398.19,21,42062360,,g,c,t,g,g,g,t,t,t,g,t,a,False
ENSG00000177398.19,21,42062360,,g,g,c,g,t,g,t,g,g,g,a,c,False
ENSG00000177398.19,21,42062360,,c,a,a,g,t,g,t,g,c,t,a,a,False
ENSG00000177398.19,21,42062360,,a,a,g,t,a,g,t,t,t,c,t,a,False
ENSG00000177398.19,21,42062360,,a,a,c,g,g,g,t,g,a,g,t,t,False
ENSG00000177398.19,21,42062360,,t,g,t,a,c,g,t,t,t,c,t,a,False
ENSG00000177398.19,21,42062360,,c,c,g,g,t,g,t,c,g,a,a,c,False
ENSG00000177398.19,21,42062360,,g,t,a,g,g,g,t,t,c,a,t,c,False
ENSG00000177398.19,21,42062360,,a,t,c,t,c,g,t,t,g,g,t,g,False
ENSG00000288711.1,21,34510523,,t,t,t,g,t,g,t,t,c,a,g,a,False
ENSG00000288711.1,21,34510523,,t,g,c,t,a,g,t,t,c,t,t,c,False
ENSG00000155313.16,21,15729383,,g,a,c,a,c,g,t,a,t,t,g,t,False
ENSG00000155313.16,21,15729383,,g,t,c,g,g,g,t,c,c,g,c,c,False
ENSG00000155313.16,21,15729383,,a,t,c,c,g,g,t,g,c,t,a,g,False
ENSG00000155313.16,21,15729383,,a,c,g,c,a,g,t,c,a,c,g,g,False
ENSG00000155313.16,21,15729383,,a,g,c,g,c,g,t,g,t,g,a,a,False
ENSG00000155313.16,21,15729383,,t,c,g,c,g,g,t,g,g,g,a,t,False
ENSG00000183640.6,21,30812098,,g,c,c,t,t,g,t,a,t,g,t,t,False
ENSG00000274749.1,21,30828440,,t,c,g,a,a,g,t,a,c,t,a,a,False
ENSG00000182591.6,21,30880045,,c,c,t,a,a,g,t,c,c,t,c,t,False
ENSG00000206102.2,21,31037560,,t,g,a,c,g,g,t,a,c,t,g,c,False
ENSG00000142168.15,21,31659067,,t,c,g,a,g,g,t,a,g,g,t,g,False
ENSG00000142168.15,21,31659067,,g,t,g,g,t,g,t,t,g,t,g,g,False
ENSG00000142197.13,21,36156183,,c,g,g,g,t,g,t,g,t,a,c,g,False
ENSG00000142197.13,21,36156183,,g,a,t,c,c,g,t,g,g,a,t,g,False
ENSG00000142197.13,21,36156183,,c,c,t,g,a,g,t,g,a,c,t,a,False
ENSG00000142197.13,21,36156183,,a,c,t,c,g,g,t,g,t,c,c,c,False
ENSG00000233056.4,21,42916204,,g,c,g,c,c,g,t,t,t,g,g,g,False
ENSG00000188992.12,21,14108214,,t,t,g,a,g,g,t,t,a,t,a,c,False
ENSG00000188992.12,21,14108214,,a,g,g,t,c,g,t,c,a,t,t,a,False
ENSG00000188992.12,21,14108214,,c,a,t,t,g,g,t,c,a,g,a,g,False
ENSG00000188992.12,21,14108214,,c,a,g,a,g,g,t,a,t,g,c,c,False
ENSG00000188992.12,21,14108214,,g,c,t,t,c,g,t,g,t,c,c,t,False
ENSG00000188992.12,21,14108214,,g,c,t,c,t,g,t,c,g,g,a,c,False
ENSG00000188992.12,21,14108214,,c,t,t,c,t,g,t,c,t,a,a,a,False
ENSG00000221837.7,21,44626494,,t,c,t,g,a,g,t,t,a,a,g,c,False
ENSG00000157554.20,21,38379428,,a,g,t,t,a,g,t,c,g,c,c,c,False
ENSG00000157554.20,21,38379428,,a,a,t,c,a,g,t,a,g,g,t,c,False
ENSG00000157554.20,21,38379428,,t,c,t,t,t,g,t,g,a,t,c,c,False
ENSG00000157554.20,21,38379428,,c,t,t,g,t,g,t,t,g,t,g,t,False
ENSG00000157554.20,21,38379428,,t,t,a,a,g,g,t,a,t,a,c,c,False
ENSG00000157554.20,21,38379428,,t,g,t,c,c,g,t,a,g,a,g,t,False
ENSG00000157554.20,21,38379428,,a,c,t,g,g,g,t,t,a,g,t,a,False
ENSG00000157554.20,21,38379428,,c,a,a,t,c,g,t,t,g,t,c,g,False
ENSG00000157554.20,21,38379428,,a,c,c,c,t,g,t,a,a,c,c,t,False
ENSG00000157554.20,21,38379428,,g,g,c,t,g,g,t,c,g,g,c,t,False
ENSG00000215454.7,21,44573130,,g,t,g,t,g,g,t,c,g,c,t,t,False
ENSG00000142185.18,21,44349564,,a,g,g,c,c,g,t,a,t,a,t,a,False
ENSG00000142185.18,21,44349564,,a,c,t,g,a,g,t,g,a,g,a,c,False
ENSG00000142185.18,21,44349564,,c,t,a,g,c,g,t,t,a,c,a,c,False
ENSG00000142185.18,21,44349564,,g,g,c,a,c,g,t,g,g,g,c,t,False
ENSG00000142185.18,21,44349564,,c,c,a,a,t,g,t,c,a,c,t,c,False
ENSG00000183067.6,21,39744584,,c,g,g,g,t,g,t,g,t,g,a,g,False
ENSG00000183778.19,21,39555843,,g,a,a,c,t,g,t,t,g,c,t,g,False
ENSG00000183778.19,21,39555843,,a,g,c,c,a,g,t,a,c,a,a,t,False
ENSG00000183778.19,21,39555843,,c,a,t,t,t,g,t,t,t,t,t,t,False
ENSG00000183778.19,21,39555843,,a,a,t,c,g,g,t,c,a,g,g,a,False
ENSG00000183778.19,21,39555843,,a,t,t,t,g,g,t,a,t,g,g,c,False
ENSG00000183778.19,21,39555843,,c,a,a,t,g,g,t,c,c,c,a,g,False
ENSG00000183778.19,21,39555843,,a,a,g,a,a,g,t,t,t,c,t,c,False
ENSG00000183778.19,21,39555843,,a,c,a,g,g,g,t,c,c,t,c,g,False
ENSG00000183778.19,21,39555843,,a,g,t,c,g,g,t,c,c,c,t,t,False
ENSG00000160294.11,21,46234534,,c,c,g,c,c,g,t,t,c,t,c,t,False
ENSG00000160294.11,21,46234534,,c,t,c,a,g,g,t,c,a,a,c,c,False
ENSG00000160294.11,21,46234534,,c,a,g,c,g,g,t,a,a,a,g,a,False
ENSG00000182362.14,21,46285743,,t,t,c,c,g,g,t,c,c,g,c,a,False
ENSG00000182362.14,21,46285743,,c,t,a,g,a,g,t,g,a,g,a,c,False
ENSG00000182362.14,21,46285743,,t,t,a,g,a,g,t,g,a,g,g,g,False
ENSG00000182362.14,21,46285743,,t,g,c,a,c,g,t,t,t,t,a,g,False
ENSG00000182362.14,21,46285743,,c,a,a,a,t,g,t,c,c,t,a,t,False
ENSG00000182362.14,21,46285743,,g,t,g,t,t,g,t,a,g,t,t,c,False
ENSG00000160298.18,21,46299582,,c,a,t,c,g,g,t,a,g,a,t,t,False
ENSG00000160298.18,21,46299582,,c,c,t,a,c,g,t,g,g,g,a,a,False
ENSG00000160298.18,21,46299582,,a,c,g,c,g,g,t,a,c,t,c,c,False
ENSG00000160298.18,21,46299582,,c,a,g,a,a,g,t,g,c,t,a,t,False
ENSG00000160298.18,21,46299582,,a,a,t,g,a,g,t,g,c,c,g,t,False
ENSG00000160298.18,21,46299582,,a,t,c,c,c,g,t,c,c,c,c,a,False
ENSG00000160298.18,21,46299582,,a,t,a,g,c,g,t,c,t,t,a,c,False
ENSG00000160298.18,21,46299582,,c,t,a,g,g,g,t,c,a,c,a,a,False
ENSG00000159131.17,21,33503332,,c,a,g,c,t,g,t,g,g,g,c,g,False
ENSG00000159131.17,21,33503332,,a,c,t,t,t,g,t,a,a,a,c,g,False
ENSG00000159131.17,21,33503332,,t,g,g,a,t,g,t,t,a,t,t,t,False
ENSG00000159131.17,21,33503332,,c,c,t,a,t,g,t,t,c,g,t,c,False
ENSG00000159131.17,21,33503332,,t,t,a,c,c,g,t,g,c,g,g,g,False
ENSG00000159131.17,21,33503332,,g,t,a,t,a,g,t,c,c,c,a,t,False
ENSG00000159131.17,21,33503332,,g,a,c,t,a,g,t,g,a,g,t,c,False
ENSG00000159131.17,21,33503332,,t,g,g,t,t,g,t,g,a,g,a,t,False
ENSG00000159131.17,21,33503332,,g,g,t,a,a,g,t,a,c,t,g,t,False
ENSG00000159131.17,21,33503332,,t,g,t,a,t,g,t,a,t,c,c,g,False
ENSG00000159147.18,21,33558943,,t,t,c,c,c,g,t,t,t,c,g,t,False
ENSG00000159147.18,21,33558943,,c,t,g,t,t,g,t,c,g,c,a,t,False
ENSG00000159147.18,21,33558943,,g,a,g,a,c,g,t,t,t,a,c,a,False
ENSG00000159147.18,21,33558943,,a,c,t,t,a,g,t,c,a,a,g,g,False
ENSG00000159147.18,21,33558943,,g,g,t,a,g,g,t,g,t,a,c,a,False
ENSG00000159147.18,21,33558943,,a,c,a,c,c,g,t,g,a,a,t,g,False
ENSG00000159147.18,21,33558943,,a,t,g,g,t,g,t,c,c,g,g,t,False
ENSG00000159147.18,21,33558943,,g,t,g,a,a,g,t,c,c,a,g,a,False
ENSG00000159147.18,21,33558943,,a,t,g,c,a,g,t,c,a,t,g,a,False
ENSG00000159147.18,21,33558943,,c,t,g,c,g,g,t,c,a,c,c,c,False
ENSG00000159147.18,21,33558943,,t,c,a,a,t,g,t,t,c,t,a,t,False
ENSG00000142188.17,21,33431886,,g,a,c,a,t,g,t,t,t,a,g,a,False
ENSG00000142188.17,21,33431886,,c,g,g,g,t,g,t,c,a,t,a,a,False
ENSG00000142188.17,21,33431886,,t,c,a,g,g,g,t,c,a,g,a,g,False
ENSG00000142188.17,21,33431886,,g,a,t,t,g,g,t,a,c,t,t,g,False
ENSG00000142188.17,21,33431886,,c,c,g,a,c,g,t,g,t,g,t,a,False
ENSG00000243646.11,21,33265768,,c,a,a,a,a,g,t,g,c,a,t,a,False
ENSG00000243646.11,21,33265768,,g,g,t,t,a,g,t,t,c,t,g,t,False
ENSG00000243646.11,21,33265768,,a,g,g,a,c,g,t,c,t,a,t,g,False
ENSG00000243646.11,21,33265768,,t,t,a,c,t,g,t,c,g,c,g,a,False
ENSG00000243646.11,21,33265768,,t,g,t,a,a,g,t,c,g,g,c,a,False
ENSG00000159128.16,21,33402814,,g,g,t,g,c,g,t,c,g,c,c,c,False
ENSG00000159128.16,21,33402814,,t,c,t,a,c,g,t,t,c,c,g,t,False
ENSG00000159128.16,21,33402814,,g,a,g,c,c,g,t,g,a,g,c,t,False
ENSG00000159128.16,21,33402814,,c,t,c,a,t,g,t,c,t,g,a,g,False
ENSG00000159128.16,21,33402814,,c,c,t,c,t,g,t,c,a,g,c,a,False
ENSG00000159128.16,21,33402814,,g,g,g,g,g,g,t,a,g,c,a,g,False
ENSG00000159128.16,21,33402814,,a,a,c,g,c,g,t,a,t,c,t,a,False
ENSG00000157538.14,21,37222821,,c,a,t,g,c,g,t,c,c,g,t,a,False
ENSG00000157538.14,21,37222821,,t,a,c,a,g,g,t,a,a,a,g,g,False
ENSG00000157538.14,21,37222821,,g,a,a,g,a,g,t,t,g,t,a,c,False
ENSG00000157538.14,21,37222821,,g,a,a,c,c,g,t,c,g,g,t,t,False
ENSG00000182670.14,21,37072627,,c,g,a,t,t,g,t,a,g,c,a,g,False
ENSG00000182670.14,21,37072627,,a,a,g,c,t,g,t,g,c,a,c,a,False
ENSG00000182670.14,21,37072627,,a,t,c,a,t,g,t,a,a,c,c,t,False
ENSG00000182670.14,21,37072627,,g,t,c,a,a,g,t,c,t,t,c,g,False
ENSG00000182670.14,21,37072627,,t,g,a,t,g,g,t,t,t,t,a,g,False
ENSG00000182670.14,21,37072627,,a,g,a,a,c,g,t,t,a,a,g,a,False
ENSG00000182670.14,21,37072627,,a,a,c,g,t,g,t,c,a,t,g,c,False
ENSG00000182670.14,21,37072627,,t,c,c,a,a,g,t,a,g,g,g,c,False
ENSG00000182670.14,21,37072627,,t,c,t,c,c,g,t,c,g,c,t,t,False
ENSG00000182670.14,21,37072627,,g,c,a,t,a,g,t,g,t,c,g,a,False
ENSG00000182670.14,21,37072627,,a,t,g,c,g,g,t,g,c,c,a,g,False
ENSG00000182670.14,21,37072627,,t,a,g,a,a,g,t,a,g,c,t,c,False
ENSG00000182670.14,21,37072627,,a,c,t,g,a,g,t,t,c,c,t,t,False
ENSG00000182670.14,21,37072627,,g,t,t,c,t,g,t,a,c,c,t,g,False
ENSG00000182670.14,21,37072627,,g,c,g,t,c,g,t,g,g,a,a,a,False
ENSG00000182670.14,21,37072627,,g,c,g,g,t,g,t,a,t,a,a,c,False
ENSG00000182670.14,21,37072627,,t,t,g,a,g,g,t,g,t,c,g,c,False
ENSG00000160255.19,21,44885354,,a,t,g,a,c,g,t,t,g,c,a,t,False
ENSG00000160255.19,21,44885354,,g,g,g,a,t,g,t,c,c,a,t,c,False
ENSG00000160255.19,21,44885354,,c,c,a,a,g,g,t,c,c,c,a,t,False
ENSG00000160255.19,21,44885354,,g,c,c,g,c,g,t,t,t,c,c,g,False
ENSG00000160255.19,21,44885354,,a,g,a,a,c,g,t,t,a,a,a,t,False
ENSG00000160255.19,21,44885354,,t,g,c,g,a,g,t,g,a,a,c,t,False
ENSG00000160255.19,21,44885354,,t,a,a,t,a,g,t,t,g,t,a,c,False
ENSG00000160255.19,21,44885354,,c,c,g,g,t,g,t,t,a,a,a,g,False
ENSG00000160255.19,21,44885354,,a,t,g,g,g,g,t,t,c,c,a,c,False
ENSG00000160255.19,21,44885354,,g,c,t,a,t,g,t,c,g,t,g,c,False
ENSG00000160255.19,21,44885354,,a,t,c,t,g,g,t,g,g,a,g,g,False
ENSG00000160255.19,21,44885354,,a,g,c,a,g,g,t,g,g,g,g,t,False
ENSG00000160255.19,21,44885354,,t,t,c,t,g,g,t,c,a,g,a,a,False
ENSG00000160255.19,21,44885354,,a,g,g,c,g,g,t,g,t,g,g,a,False
ENSG00000160255.19,21,44885354,,g,a,a,g,a,g,t,t,a,a,a,c,False
ENSG00000160255.19,21,44885354,,g,c,g,c,g,g,t,a,c,c,a,t,False
ENSG00000160255.19,21,44885354,,t,a,g,a,c,g,t,g,t,a,t,g,False
ENSG00000160255.19,21,44885354,,a,a,a,c,t,g,t,a,t,c,a,c,False
ENSG00000197683.5,21,30318525,,c,c,a,a,t,g,t,a,t,t,c,c,False
ENSG00000206107.2,21,30336414,,c,g,c,g,t,g,t,a,c,t,t,c,False
ENSG00000182816.9,21,30370791,,a,t,a,c,c,g,t,t,t,c,a,c,False
ENSG00000198390.5,21,30395432,,t,g,a,a,c,g,t,c,c,g,t,a,False
ENSG00000186970.5,21,30439676,,a,c,g,c,t,g,t,t,c,a,g,t,False
ENSG00000184351.8,21,30479107,,t,t,a,t,c,g,t,t,c,t,t,t,False
ENSG00000186965.5,21,30486444,,g,c,t,a,g,g,t,t,a,a,g,a,False
ENSG00000244025.5,21,30490863,,g,g,c,t,t,g,t,t,c,g,g,a,False
ENSG00000186967.7,21,30496225,,t,c,a,c,t,g,t,g,g,t,t,g,False
ENSG00000186977.3,21,30501058,,g,g,a,t,t,g,t,c,c,t,t,t,False
ENSG00000186925.6,21,30540936,,t,g,g,g,t,g,t,t,t,t,t,c,False
ENSG00000244362.3,21,30560276,,t,g,c,t,c,g,t,a,g,a,c,t,False
ENSG00000206106.2,21,30589506,,a,c,t,g,g,g,t,c,g,c,c,a,False
ENSG00000212938.3,21,30591841,,g,t,g,c,g,g,t,a,t,t,t,t,False
ENSG00000186924.3,21,30600488,,a,g,a,t,c,g,t,a,a,a,c,g,False
ENSG00000244624.3,21,30615826,,t,a,c,c,t,g,t,c,g,g,c,a,False
ENSG00000206105.2,21,30620028,,c,g,t,t,a,g,t,c,a,c,t,c,False
ENSG00000184032.3,21,30634607,,t,g,a,c,t,g,t,g,c,a,a,c,False
ENSG00000206104.2,21,30642265,,t,t,c,c,a,g,t,t,t,t,c,c,False
ENSG00000231068.1,21,30717926,,g,g,g,a,g,g,t,g,t,a,a,a,False
ENSG00000187026.3,21,30746195,,a,c,t,g,a,g,t,g,t,c,t,c,False
ENSG00000187005.5,21,30754416,,t,c,g,a,c,g,t,g,t,g,c,g,False
ENSG00000186980.7,21,30347800,,t,t,c,g,a,g,t,g,g,c,g,g,False
ENSG00000240432.4,21,30424781,,c,g,t,g,a,g,t,a,t,g,c,c,False
ENSG00000156299.15,21,31117817,,g,a,g,g,g,g,t,g,t,c,a,t,False
ENSG00000156299.15,21,31117817,,t,g,c,c,t,g,t,t,t,t,c,g,False
ENSG00000156299.15,21,31117817,,g,g,t,t,g,g,t,a,a,t,t,t,False
ENSG00000156299.15,21,31117817,,t,g,t,t,c,g,t,c,t,a,c,t,False
ENSG00000156299.15,21,31117817,,c,t,c,t,c,g,t,t,a,c,g,c,False
ENSG00000156299.15,21,31117817,,g,c,c,c,a,g,t,g,c,t,a,g,False
ENSG00000185437.16,21,39445256,,a,g,g,t,t,g,t,t,c,c,t,c,False
ENSG00000185437.16,21,39445256,,c,t,g,t,c,g,t,a,g,c,t,c,False
ENSG00000185437.16,21,39445256,,g,a,a,t,a,g,t,g,g,g,a,a,False
ENSG00000185437.16,21,39445256,,c,c,g,c,a,g,t,t,c,t,g,a,False
ENSG00000185437.16,21,39445256,,g,a,t,t,t,g,t,t,g,a,c,a,False
ENSG00000185437.16,21,39445256,,t,g,c,t,a,g,t,t,t,a,t,t,False
ENSG00000185437.16,21,39445256,,c,a,a,t,a,g,t,c,t,c,a,c,False
ENSG00000185437.16,21,39445256,,g,g,t,a,a,g,t,t,a,c,g,c,False
ENSG00000185437.16,21,39445256,,c,a,c,a,g,g,t,a,t,a,g,t,False
ENSG00000185437.16,21,39445256,,g,c,c,a,t,g,t,g,a,g,g,c,False
ENSG00000160221.18,21,44133011,,t,g,t,g,c,g,t,t,t,g,c,a,False
ENSG00000160221.18,21,44133011,,t,a,c,t,t,g,t,a,g,a,t,c,False
ENSG00000160221.18,21,44133011,,c,a,a,c,t,g,t,a,c,a,c,a,False
ENSG00000160221.18,21,44133011,,t,t,a,c,c,g,t,c,g,g,g,a,False
ENSG00000160221.18,21,44133011,,t,c,g,t,c,g,t,g,c,a,c,c,False
ENSG00000160221.18,21,44133011,,a,g,t,g,a,g,t,a,g,c,g,g,False
ENSG00000160221.18,21,44133011,,g,t,a,c,c,g,t,g,a,g,a,g,False
ENSG00000160221.18,21,44133011,,a,a,c,c,t,g,t,a,g,c,g,c,False
ENSG00000160221.18,21,44133011,,t,t,a,g,a,g,t,a,c,g,a,c,False
ENSG00000186971.4,21,30429621,,c,t,c,c,a,g,t,c,t,g,t,a,False
ENSG00000186930.4,21,30597991,,a,g,g,g,t,g,t,g,t,g,g,g,False
ENSG00000184724.5,21,30612832,,c,g,a,a,a,g,t,c,g,g,c,g,False
ENSG00000160223.18,21,44214783,,t,t,c,g,c,g,t,t,t,a,c,g,False
ENSG00000160223.18,21,44214783,,g,a,t,g,t,g,t,c,g,c,g,a,False
ENSG00000160223.18,21,44214783,,a,g,t,c,g,g,t,g,c,a,c,c,False
ENSG00000160223.18,21,44214783,,g,g,t,a,g,g,t,g,a,g,g,a,False
ENSG00000160223.18,21,44214783,,g,a,a,c,c,g,t,a,a,c,c,t,False
ENSG00000160223.18,21,44214783,,g,c,c,a,t,g,t,c,g,t,t,c,False
ENSG00000160223.18,21,44214783,,t,g,t,c,c,g,t,g,g,c,g,t,False
ENSG00000160223.18,21,44214783,,a,a,t,t,t,g,t,c,g,g,c,c,False
ENSG00000160223.18,21,44214783,,t,g,g,t,a,g,t,t,a,a,a,g,False
ENSG00000160223.18,21,44214783,,a,a,c,a,g,g,t,g,c,c,g,g,False
ENSG00000160223.18,21,44214783,,c,c,g,t,c,g,t,c,c,g,a,c,False
ENSG00000160223.18,21,44214783,,a,a,c,t,t,g,t,c,a,c,a,c,False
ENSG00000160223.18,21,44214783,,t,g,a,a,c,g,t,a,c,g,t,t,False
ENSG00000160223.18,21,44214783,,c,t,t,c,g,g,t,c,c,c,c,t,False
ENSG00000159110.22,21,33204683,,t,g,t,g,t,g,t,a,c,g,g,a,False
ENSG00000159110.22,21,33204683,,a,t,c,a,t,g,t,c,c,c,t,g,False
ENSG00000159110.22,21,33204683,,c,a,a,t,g,g,t,a,a,t,c,a,False
ENSG00000159110.22,21,33204683,,t,a,g,t,t,g,t,t,g,g,a,g,False
ENSG00000159110.22,21,33204683,,t,t,c,g,t,g,t,a,g,g,a,t,False
ENSG00000159110.22,21,33204683,,c,c,a,a,a,g,t,a,a,a,c,a,False
ENSG00000159110.22,21,33204683,,a,c,a,c,c,g,t,a,g,a,t,c,False
ENSG00000159110.22,21,33204683,,t,t,a,g,t,g,t,a,g,t,t,t,False
ENSG00000159110.22,21,33204683,,c,g,g,g,t,g,t,t,a,g,t,g,False
ENSG00000159110.22,21,33204683,,a,c,a,g,c,g,t,t,g,a,a,c,False
ENSG00000159110.22,21,33204683,,c,g,c,c,c,g,t,c,t,a,c,c,False
ENSG00000160299.19,21,46323525,,c,t,a,t,c,g,t,g,t,c,a,c,False
ENSG00000160299.19,21,46323525,,g,c,t,g,c,g,t,a,c,a,a,c,False
ENSG00000160299.19,21,46323525,,a,t,t,g,g,g,t,a,t,a,t,g,False
ENSG00000160299.19,21,46323525,,t,g,g,c,a,g,t,a,c,c,t,g,False
ENSG00000160299.19,21,46323525,,a,a,t,c,a,g,t,c,g,g,c,c,False
ENSG00000160299.19,21,46323525,,g,a,t,c,t,g,t,a,t,a,a,a,False
ENSG00000160299.19,21,46323525,,c,a,t,t,c,g,t,a,c,c,t,g,False
ENSG00000160299.19,21,46323525,,g,t,c,t,c,g,t,g,c,g,g,c,False
ENSG00000160299.19,21,46323525,,g,a,g,a,a,g,t,t,a,a,t,a,False
ENSG00000160299.19,21,46323525,,t,t,g,c,t,g,t,t,t,a,a,c,False
ENSG00000142166.15,21,33323788,,t,g,t,a,a,g,t,a,a,g,t,g,False
ENSG00000142166.15,21,33323788,,g,g,g,t,a,g,t,t,g,a,g,c,False
ENSG00000142166.15,21,33323788,,c,c,c,t,g,g,t,g,g,t,a,t,False
ENSG00000142166.15,21,33323788,,a,g,g,t,g,g,t,g,g,t,g,c,False
ENSG00000142166.15,21,33323788,,t,t,t,t,c,g,t,c,a,t,t,a,False
ENSG00000142166.15,21,33323788,,c,c,g,a,a,g,t,a,a,a,g,a,False
ENSG00000142166.15,21,33323788,,t,t,c,a,g,g,t,c,a,g,t,g,False
ENSG00000142166.15,21,33323788,,g,c,c,g,c,g,t,a,a,t,t,g,False
ENSG00000142166.15,21,33323788,,t,c,g,c,t,g,t,c,c,c,a,a,False
ENSG00000142166.15,21,33323788,,a,g,g,c,t,g,t,a,g,t,t,t,False
ENSG00000142166.15,21,33323788,,a,t,c,g,t,g,t,c,c,c,t,t,False
ENSG00000142166.15,21,33323788,,c,a,c,c,g,g,t,a,c,g,t,a,False
ENSG00000142166.15,21,33323788,,a,t,g,t,a,g,t,g,g,c,t,t,False
ENSG00000142166.15,21,33323788,,t,t,a,t,g,g,t,t,g,t,t,c,False
ENSG00000142166.15,21,33323788,,g,g,g,t,g,g,t,t,t,g,c,g,False
ENSG00000142166.15,21,33323788,,a,a,a,g,g,g,t,a,t,t,a,g,False
ENSG00000142166.15,21,33323788,,t,g,c,c,t,g,t,a,a,g,a,g,False
ENSG00000142166.15,21,33323788,,a,g,a,t,g,g,t,g,a,t,t,c,False
ENSG00000142166.15,21,33323788,,g,t,g,g,a,g,t,g,a,a,c,t,False
ENSG00000142166.15,21,33323788,,c,g,c,t,c,g,t,g,a,t,t,t,False
ENSG00000142166.15,21,33323788,,a,g,g,t,a,g,t,t,c,g,a,g,False
ENSG00000159140.23,21,33542439,,a,g,c,c,a,g,t,c,g,g,a,a,False
ENSG00000159140.23,21,33542439,,a,t,g,c,t,g,t,g,c,c,c,g,False
ENSG00000159140.23,21,33542439,,c,t,a,g,t,g,t,g,a,t,a,a,False
ENSG00000159140.23,21,33542439,,g,t,c,t,t,g,t,a,c,a,g,a,False
ENSG00000159140.23,21,33542439,,c,t,g,g,a,g,t,g,c,a,c,g,False
ENSG00000159140.23,21,33542439,,g,t,t,t,t,g,t,a,t,t,c,c,False
ENSG00000159140.23,21,33542439,,c,c,c,a,g,g,t,c,a,g,c,c,False
ENSG00000159140.23,21,33542439,,c,a,a,t,g,g,t,a,g,a,g,c,False
ENSG00000159140.23,21,33542439,,t,c,t,t,a,g,t,a,a,a,a,a,False
ENSG00000159140.23,21,33542439,,t,c,g,c,a,g,t,a,c,c,g,a,False
ENSG00000159140.23,21,33542439,,a,c,c,a,g,g,t,g,g,a,t,g,False
ENSG00000197381.18,21,45073254,,t,a,t,a,t,g,t,a,g,a,t,a,False
ENSG00000197381.18,21,45073254,,a,t,t,g,t,g,t,c,c,t,g,t,False
ENSG00000197381.18,21,45073254,,a,t,a,c,g,g,t,t,a,a,g,g,False
ENSG00000197381.18,21,45073254,,a,c,g,g,c,g,t,g,t,g,t,g,False
ENSG00000197381.18,21,45073254,,a,c,a,t,c,g,t,g,g,a,t,t,False
ENSG00000197381.18,21,45073254,,a,t,t,a,a,g,t,g,t,a,t,c,False
ENSG00000197381.18,21,45073254,,t,g,g,t,a,g,t,c,c,t,a,g,False
ENSG00000197381.18,21,45073254,,g,t,a,c,c,g,t,g,c,a,g,g,False
ENSG00000197381.18,21,45073254,,g,t,t,a,c,g,t,c,a,c,c,g,False
ENSG00000197381.18,21,45073254,,t,c,a,t,c,g,t,a,t,t,c,g,False
ENSG00000249624.10,21,33229293,,a,a,g,t,t,g,t,c,t,c,g,a,False
ENSG00000249624.10,21,33229293,,g,g,c,a,c,g,t,a,c,a,t,c,False
ENSG00000249624.10,21,33229293,,a,c,t,c,c,g,t,g,c,a,t,a,False
ENSG00000249624.10,21,33229293,,c,a,c,t,c,g,t,a,t,t,t,a,False
ENSG00000249624.10,21,33229293,,c,c,g,a,a,g,t,g,a,t,a,t,False
ENSG00000180530.11,21,14960636,,g,a,c,g,g,g,t,g,c,a,c,c,False
ENSG00000180530.11,21,14960636,,a,t,c,g,c,g,t,g,a,t,a,t,False
ENSG00000180530.11,21,14960636,,t,g,t,g,a,g,t,c,g,a,c,t,False
ENSG00000180530.11,21,14960636,,c,a,t,g,a,g,t,g,t,t,g,g,False
ENSG00000180530.11,21,14960636,,t,t,c,c,a,g,t,t,t,a,t,c,False
ENSG00000159200.18,21,34512543,,g,t,a,g,a,g,t,a,g,g,t,g,False
ENSG00000159200.18,21,34512543,,g,c,a,a,g,g,t,t,g,c,a,c,False
ENSG00000159200.18,21,34512543,,c,a,c,t,a,g,t,c,c,a,g,t,False
ENSG00000159200.18,21,34512543,,g,g,a,c,c,g,t,t,t,c,a,g,False
ENSG00000159200.18,21,34512543,,a,a,c,t,t,g,t,t,c,c,c,c,False
ENSG00000159200.18,21,34512543,,g,g,g,g,c,g,t,a,c,a,t,a,False
ENSG00000159200.18,21,34512543,,g,a,g,c,c,g,t,t,a,t,t,g,False
ENSG00000159200.18,21,34512543,,t,a,g,c,c,g,t,a,a,t,g,c,False
ENSG00000159200.18,21,34512543,,a,a,g,g,a,g,t,a,c,g,t,t,False
ENSG00000159200.18,21,34512543,,g,g,c,t,c,g,t,g,a,a,c,a,False
ENSG00000171189.18,21,29536334,,t,a,t,g,g,g,t,a,t,g,g,c,False
ENSG00000171189.18,21,29536334,,c,c,t,a,a,g,t,a,c,g,t,t,False
ENSG00000171189.18,21,29536334,,a,g,t,g,a,g,t,g,g,g,a,t,False
ENSG00000171189.18,21,29536334,,a,g,c,g,t,g,t,c,c,g,c,g,False
ENSG00000171189.18,21,29536334,,a,t,g,c,t,g,t,c,c,g,g,a,False
ENSG00000171189.18,21,29536334,,t,t,a,g,t,g,t,g,c,c,c,c,False
ENSG00000171189.18,21,29536334,,t,g,t,a,t,g,t,g,g,t,t,t,False
ENSG00000142192.22,21,25879936,,g,t,g,a,c,g,t,c,g,c,c,g,False
ENSG00000142192.22,21,25879936,,c,g,c,c,t,g,t,a,g,t,g,g,False
ENSG00000142192.22,21,25879936,,a,t,t,c,a,g,t,t,t,g,c,t,False
ENSG00000142192.22,21,25879936,,a,g,g,g,t,g,t,c,t,t,t,g,False
ENSG00000142192.22,21,25879936,,g,a,g,c,t,g,t,a,c,a,a,a,False
ENSG00000142192.22,21,25879936,,g,g,a,t,t,g,t,g,g,a,t,a,False
ENSG00000142192.22,21,25879936,,a,t,c,g,c,g,t,c,a,c,g,c,False
ENSG00000142192.22,21,25879936,,a,c,t,g,a,g,t,g,g,a,g,c,False
ENSG00000142192.22,21,25879936,,t,a,a,t,c,g,t,t,c,g,t,g,False
ENSG00000142192.22,21,25879936,,g,g,a,g,g,g,t,a,a,a,a,t,False
ENSG00000189169.8,21,44696573,,t,t,c,g,g,g,t,t,a,g,g,a,False
ENSG00000198862.14,21,28927545,,c,g,a,g,c,g,t,a,c,t,a,a,False
ENSG00000198862.14,21,28927545,,t,t,t,a,g,g,t,g,t,a,g,c,False
ENSG00000198862.14,21,28927545,,g,a,g,g,a,g,t,c,g,g,g,g,False
ENSG00000198862.14,21,28927545,,a,c,c,g,a,g,t,c,t,c,g,c,False
ENSG00000198862.14,21,28927545,,t,t,g,g,c,g,t,a,c,a,t,c,False
ENSG00000156253.7,21,29003785,,c,t,a,g,a,g,t,a,c,a,c,a,False
ENSG00000156256.15,21,29024030,,c,c,g,a,c,g,t,c,c,g,a,a,False
ENSG00000156256.15,21,29024030,,c,a,c,a,t,g,t,a,t,a,g,a,False
ENSG00000156256.15,21,29024030,,a,g,g,g,c,g,t,a,c,t,c,g,False
ENSG00000156256.15,21,29024030,,t,c,c,g,g,g,t,t,g,g,t,c,False
ENSG00000156261.13,21,29055206,,a,g,a,c,c,g,t,t,a,g,a,t,False
ENSG00000156261.13,21,29055206,,a,c,g,g,g,g,t,c,c,t,g,c,False
ENSG00000156261.13,21,29055206,,g,g,c,c,c,g,t,a,g,a,a,a,False
ENSG00000156261.13,21,29055206,,c,a,g,g,t,g,t,c,t,c,g,t,False
ENSG00000156261.13,21,29055206,,t,g,a,g,g,g,t,c,t,c,a,g,False
ENSG00000156265.17,21,29076622,,c,g,t,c,g,g,t,a,g,t,c,t,False
ENSG00000156265.17,21,29076622,,a,g,g,t,t,g,t,g,c,g,g,g,False
ENSG00000156265.17,21,29076622,,c,a,a,a,g,g,t,g,a,g,g,a,False
ENSG00000156265.17,21,29076622,,g,c,c,g,g,g,t,t,t,t,a,a,False
ENSG00000156265.17,21,29076622,,a,a,c,g,c,g,t,t,c,t,g,c,False
ENSG00000156265.17,21,29076622,,c,t,a,t,a,g,t,a,g,t,c,a,False
ENSG00000156265.17,21,29076622,,g,t,t,c,a,g,t,t,g,t,c,c,False
ENSG00000156265.17,21,29076622,,g,c,c,c,a,g,t,c,c,c,a,c,False
ENSG00000156265.17,21,29076622,,a,g,c,g,a,g,t,t,g,a,c,a,False
ENSG00000156265.17,21,29076622,,t,a,c,a,c,g,t,t,g,a,a,c,False
ENSG00000156265.17,21,29076622,,t,c,g,c,a,g,t,a,a,a,c,t,False
ENSG00000156265.17,21,29076622,,g,g,c,t,c,g,t,t,c,g,c,g,False
ENSG00000142173.17,21,46097513,,a,t,a,g,t,g,t,g,c,c,a,t,False
ENSG00000142173.17,21,46097513,,t,t,c,c,g,g,t,c,g,t,g,g,False
ENSG00000142173.17,21,46097513,,t,g,g,c,a,g,t,c,g,t,t,a,False
ENSG00000142173.17,21,46097513,,t,a,c,a,g,g,t,c,t,g,a,g,False
ENSG00000142173.17,21,46097513,,g,g,a,g,c,g,t,a,c,c,g,a,False
ENSG00000177692.13,21,33487456,,a,c,c,a,a,g,t,t,a,g,g,g,False
ENSG00000177692.13,21,33487456,,t,t,a,t,g,g,t,a,c,c,t,a,False
ENSG00000177692.13,21,33487456,,c,a,c,a,c,g,t,t,a,t,g,c,False
ENSG00000160256.14,21,44939426,,t,g,c,a,g,g,t,c,c,c,t,c,False
ENSG00000160256.14,21,44939426,,a,c,t,c,a,g,t,c,t,a,c,t,False
ENSG00000160256.14,21,44939426,,a,t,a,a,a,g,t,t,a,t,g,c,False
ENSG00000157542.11,21,37606774,,c,t,g,g,a,g,t,a,t,c,g,g,False
ENSG00000157542.11,21,37606774,,t,t,g,g,c,g,t,t,c,g,t,t,False
ENSG00000160213.10,21,43771912,,g,c,c,a,c,g,t,g,a,c,t,c,False
ENSG00000160213.10,21,43771912,,c,c,a,t,c,g,t,g,t,g,c,g,False
ENSG00000160213.10,21,43771912,,g,c,t,g,t,g,t,c,t,g,c,t,False
ENSG00000288593.1,21,43939320,,g,a,a,a,g,g,t,t,a,g,g,t,False
ENSG00000286224.1,21,46325689,,g,c,c,a,c,g,t,a,a,c,a,g,False
ENSG00000159216.20,21,34787202,,a,a,a,c,g,g,t,g,c,c,g,c,False
ENSG00000159216.20,21,34787202,,c,a,g,t,a,g,t,t,g,a,c,c,False
ENSG00000159216.20,21,34787202,,c,t,a,g,t,g,t,g,a,c,c,g,False
ENSG00000159216.20,21,34787202,,a,g,t,g,a,g,t,t,t,t,a,g,False
ENSG00000159216.20,21,34787202,,c,g,c,a,c,g,t,g,c,g,g,a,False
ENSG00000159216.20,21,34787202,,c,g,c,a,a,g,t,g,g,t,a,g,False
ENSG00000159216.20,21,34787202,,g,a,g,c,a,g,t,g,t,a,g,t,False
ENSG00000159216.20,21,34787202,,c,t,c,a,a,g,t,c,t,a,t,g,False
ENSG00000159216.20,21,34787202,,c,t,t,t,g,g,t,c,c,t,g,g,False
ENSG00000159216.20,21,34787202,,g,a,g,g,a,g,t,t,c,g,c,g,False
ENSG00000185808.14,21,37062247,,a,a,t,t,t,g,t,c,g,a,g,g,False
ENSG00000185808.14,21,37062247,,a,c,c,c,t,g,t,c,t,g,c,c,False
ENSG00000185808.14,21,37062247,,c,c,c,a,c,g,t,t,c,g,g,t,False
ENSG00000185808.14,21,37062247,,c,a,c,g,a,g,t,c,c,t,t,t,False
ENSG00000185808.14,21,37062247,,a,a,a,g,a,g,t,g,g,a,a,t,False
ENSG00000185808.14,21,37062247,,t,a,t,t,g,g,t,g,t,c,g,g,False
ENSG00000159259.8,21,36384793,,a,a,a,a,g,g,t,a,a,c,c,t,False
ENSG00000159261.12,21,36460022,,a,a,t,t,c,g,t,t,g,c,t,a,False
ENSG00000159261.12,21,36460022,,a,g,t,c,g,g,t,g,a,a,c,a,False
ENSG00000159261.12,21,36460022,,g,a,c,t,t,g,t,g,t,t,t,a,False
ENSG00000159261.12,21,36460022,,g,a,a,t,g,g,t,g,g,t,g,a,False
ENSG00000159261.12,21,36460022,,a,a,g,t,t,g,t,g,g,c,t,t,False
ENSG00000243927.7,21,34072625,,t,c,a,t,a,g,t,a,t,a,t,c,False
ENSG00000243927.7,21,34072625,,c,a,g,t,a,g,t,c,g,g,t,t,False
ENSG00000243927.7,21,34072625,,t,c,g,c,g,g,t,t,c,c,t,c,False
ENSG00000293606.1,21,34072977,,g,t,g,a,g,g,t,a,a,t,t,a,False
ENSG00000198743.7,21,34072979,,c,t,a,a,t,g,t,t,g,c,c,g,False
ENSG00000159197.5,21,34180130,,c,t,a,g,t,g,t,c,t,a,c,a,False
ENSG00000159197.5,21,34180130,,t,a,g,a,c,g,t,g,a,c,a,c,False
ENSG00000166265.13,21,26465610,,g,c,c,g,g,g,t,g,t,a,t,a,False
ENSG00000166265.13,21,26465610,,c,c,g,t,a,g,t,g,t,c,t,a,False
ENSG00000166265.13,21,26465610,,c,g,a,t,a,g,t,g,c,g,g,a,False
ENSG00000160202.8,21,43168409,,g,g,a,a,c,g,t,a,g,a,g,a,False
ENSG00000160202.8,21,43168409,,c,c,a,t,t,g,t,a,a,a,a,c,False
ENSG00000160202.8,21,43168409,,t,c,a,c,t,g,t,g,c,a,g,g,False
ENSG00000160310.20,21,46634996,,g,g,t,t,c,g,t,g,c,a,t,a,False
ENSG00000160310.20,21,46634996,,a,c,c,c,t,g,t,t,g,t,g,t,False
ENSG00000160310.20,21,46634996,,a,g,a,g,a,g,t,a,a,t,c,c,False
ENSG00000160310.20,21,46634996,,g,t,a,t,c,g,t,a,c,t,g,g,False
ENSG00000160310.20,21,46634996,,c,g,t,t,c,g,t,a,t,a,a,c,False
ENSG00000160310.20,21,46634996,,t,g,g,a,t,g,t,g,c,t,a,c,False
ENSG00000160310.20,21,46634996,,g,t,t,a,a,g,t,a,g,g,a,t,False
ENSG00000160310.20,21,46634996,,c,t,a,g,t,g,t,t,g,t,a,c,False
ENSG00000160310.20,21,46634996,,t,g,c,c,c,g,t,a,g,g,a,g,False
ENSG00000160310.20,21,46634996,,t,c,g,a,g,g,t,c,a,c,g,a,False
ENSG00000160179.20,21,42199090,,g,c,c,a,a,g,t,g,t,c,g,t,False
ENSG00000160179.20,21,42199090,,c,c,g,c,g,g,t,c,t,t,t,a,False
ENSG00000160179.20,21,42199090,,a,a,c,a,a,g,t,t,c,a,t,t,False
ENSG00000160179.20,21,42199090,,t,t,t,t,a,g,t,t,a,t,a,a,False
ENSG00000160179.20,21,42199090,,g,a,a,a,a,g,t,t,t,a,t,c,False
ENSG00000160179.20,21,42199090,,a,g,t,g,a,g,t,g,g,c,g,g,False
ENSG00000160179.20,21,42199090,,g,t,c,c,g,g,t,a,a,a,t,a,False
ENSG00000160305.19,21,46458292,,c,a,a,t,t,g,t,t,a,a,t,t,False
ENSG00000160305.19,21,46458292,,c,g,t,t,g,g,t,c,t,c,g,t,False
ENSG00000160305.19,21,46458292,,c,c,c,t,a,g,t,g,t,t,t,c,False
ENSG00000160305.19,21,46458292,,a,t,a,c,t,g,t,t,t,t,g,a,False
ENSG00000160305.19,21,46458292,,a,c,c,a,a,g,t,c,g,t,c,c,False
ENSG00000160305.19,21,46458292,,g,g,c,t,t,g,t,g,c,g,t,c,False
ENSG00000160305.19,21,46458292,,c,t,c,g,g,g,t,g,t,t,c,c,False
ENSG00000160307.10,21,46598005,,t,c,a,t,a,g,t,g,c,t,a,a,False
ENSG00000160307.10,21,46598005,,a,t,g,a,t,g,t,a,g,g,t,t,False
ENSG00000160307.10,21,46598005,,g,t,g,t,a,g,t,a,g,c,t,c,False
ENSG00000205670.12,21,34374881,,t,g,c,g,a,g,t,g,g,c,c,g,False
ENSG00000205670.12,21,34374881,,a,t,g,c,g,g,t,c,c,g,c,g,False
ENSG00000205670.12,21,34374881,,g,c,g,t,g,g,t,c,t,g,c,a,False
ENSG00000205670.12,21,34374881,,t,g,t,c,a,g,t,g,c,t,g,c,False
ENSG00000205670.12,21,34374881,,t,t,c,c,a,g,t,t,t,c,a,t,False
ENSG00000222018.2,21,34399513,,a,g,c,a,a,g,t,t,t,c,g,c,False
ENSG00000243627.6,21,34413895,,t,t,a,c,a,g,t,a,c,t,a,a,False
ENSG00000243627.6,21,34413895,,c,a,t,c,a,g,t,g,g,a,g,t,False
